kernel,version,mode,dtype,size_of_dtype,n,block_size,grid_size,interm_stage_elems,repeat,avg_ms,min_ms,max_ms,std_ms,bytes,bw_GB_s,gflops,result,ref,abs_error,rel_error,correct
reduction,cpu_serial,cpu,fp32,4,262144,0,0,0,10,0.439654,0.437995,0.447329,0.003,1048576,2.385,0.596,262144.000,262144.000,0.000,0.000,true
reduction,cpu_omp,cpu,fp32,4,262144,0,0,0,10,3.367087,0.026631,33.427703,10.020,1048576,0.311,0.078,262144.000,262144.000,0.000,0.000,true
reduction,all_gpu_version,h2d,fp32,4,262144,0,0,0,10,0.055472,0.049521,0.105695,0.017,1048576,18.903,0.000,0.000,0.000,0.000,0.000,true
reduction,cuda_atomic_add,cuda_kernel,fp32,4,262144,64,4096,1,3,0.769312,0.639232,1.027328,0.182,1048580,1.363,0.341,262144.000,262144.000,0.000,0.000,true
reduction,cuda_atomic_add,d2h,fp32,4,262144,64,4096,1,10,0.007754,0.007499,0.008733,0.000,4,0.001,0.000,0.000,0.000,0.000,0.000,true
reduction,cuda_block_shared_mem,cuda_kernel,fp32,4,262144,64,4096,4096,100,0.009886,0.009472,0.022368,0.001,1064960,107.720,26.516,262144.000,262144.000,0.000,0.000,true
reduction,cuda_block_shared_mem,d2h,fp32,4,262144,64,4096,4096,10,0.008149,0.007623,0.008830,0.000,16384,2.011,0.000,0.000,0.000,0.000,0.000,true
reduction,cuda_block_shared_mem,cpu_finalize,fp32,4,262144,64,4096,4096,50,0.006868,0.006866,0.006899,0.000,16388,2.386,0.596,262144.000,262144.000,0.000,0.000,true
reduction,cuda_grid_stride_block_shared,cuda_kernel,fp32,4,262144,64,432,432,100,0.008630,0.008224,0.021152,0.001,1050304,121.703,30.376,262144.000,262144.000,0.000,0.000,true
reduction,cuda_grid_stride_block_shared,d2h,fp32,4,262144,64,432,432,10,0.007724,0.007478,0.007895,0.000,1728,0.224,0.000,0.000,0.000,0.000,0.000,true
reduction,cuda_grid_stride_block_shared,cpu_finalize,fp32,4,262144,64,432,432,50,0.000747,0.000745,0.000779,0.000,1732,2.318,0.577,262144.000,262144.000,0.000,0.000,true
reduction,cuda_grid_stride_two_pass,cuda_kernel,fp32,4,262144,64,432,432,100,0.011842,0.011552,0.021216,0.001,1050304,88.694,22.137,262144.000,262144.000,0.000,0.000,true
reduction,cuda_grid_stride_two_pass,d2h,fp32,4,262144,64,432,1,10,0.007368,0.006904,0.007691,0.000,4,0.001,0.000,0.000,0.000,0.000,0.000,true
reduction,cuda_multi_pass,cuda_kernel,fp32,4,262144,64,432,432,100,0.014536,0.014016,0.017600,0.000,1050304,72.254,18.034,262144.000,262144.000,0.000,0.000,true
reduction,cuda_multi_pass,d2h,fp32,4,262144,64,432,1,10,0.007445,0.007117,0.007715,0.000,4,0.001,0.000,0.000,0.000,0.000,0.000,true
reduction,cuda_atomic_add,cuda_kernel,fp32,4,262144,128,2048,1,3,0.639328,0.638240,0.641408,0.001,1048580,1.640,0.410,262144.000,262144.000,0.000,0.000,true
reduction,cuda_atomic_add,d2h,fp32,4,262144,128,2048,1,10,0.007788,0.007604,0.008107,0.000,4,0.001,0.000,0.000,0.000,0.000,0.000,true
reduction,cuda_block_shared_mem,cuda_kernel,fp32,4,262144,128,2048,2048,100,0.008331,0.008064,0.009216,0.000,1056768,126.845,31.465,262144.000,262144.000,0.000,0.000,true
reduction,cuda_block_shared_mem,d2h,fp32,4,262144,128,2048,2048,10,0.007688,0.007212,0.008332,0.000,8192,1.066,0.000,0.000,0.000,0.000,0.000,true
reduction,cuda_block_shared_mem,cpu_finalize,fp32,4,262144,128,2048,2048,50,0.003447,0.003445,0.003477,0.000,8196,2.378,0.594,262144.000,262144.000,0.000,0.000,true
reduction,cuda_grid_stride_block_shared,cuda_kernel,fp32,4,262144,128,432,432,100,0.007617,0.007360,0.009312,0.000,1050304,137.884,34.414,262144.000,262144.000,0.000,0.000,true
reduction,cuda_grid_stride_block_shared,d2h,fp32,4,262144,128,432,432,10,0.007488,0.006994,0.007943,0.000,1728,0.231,0.000,0.000,0.000,0.000,0.000,true
reduction,cuda_grid_stride_block_shared,cpu_finalize,fp32,4,262144,128,432,432,50,0.000747,0.000745,0.000779,0.000,1732,2.318,0.577,262144.000,262144.000,0.000,0.000,true
reduction,cuda_grid_stride_two_pass,cuda_kernel,fp32,4,262144,128,432,432,100,0.010862,0.010656,0.012576,0.000,1050304,96.692,24.133,262144.000,262144.000,0.000,0.000,true
reduction,cuda_grid_stride_two_pass,d2h,fp32,4,262144,128,432,1,10,0.007388,0.006901,0.007864,0.000,4,0.001,0.000,0.000,0.000,0.000,0.000,true
reduction,cuda_multi_pass,cuda_kernel,fp32,4,262144,128,432,432,100,0.013620,0.013216,0.015328,0.000,1050304,77.114,19.247,262144.000,262144.000,0.000,0.000,true
reduction,cuda_multi_pass,d2h,fp32,4,262144,128,432,1,10,0.007392,0.006946,0.007782,0.000,4,0.001,0.000,0.000,0.000,0.000,0.000,true
reduction,cuda_atomic_add,cuda_kernel,fp32,4,262144,256,1024,1,3,0.639509,0.638368,0.641760,0.002,1048580,1.640,0.410,262144.000,262144.000,0.000,0.000,true
reduction,cuda_atomic_add,d2h,fp32,4,262144,256,1024,1,10,0.007619,0.007459,0.007942,0.000,4,0.001,0.000,0.000,0.000,0.000,0.000,true
reduction,cuda_block_shared_mem,cuda_kernel,fp32,4,262144,256,1024,1024,100,0.008325,0.008096,0.009696,0.000,1052672,126.440,31.487,262144.000,262144.000,0.000,0.000,true
reduction,cuda_block_shared_mem,d2h,fp32,4,262144,256,1024,1024,10,0.007573,0.007092,0.007986,0.000,4096,0.541,0.000,0.000,0.000,0.000,0.000,true
reduction,cuda_block_shared_mem,cpu_finalize,fp32,4,262144,256,1024,1024,50,0.001736,0.001734,0.001774,0.000,4100,2.361,0.589,262144.000,262144.000,0.000,0.000,true
reduction,cuda_grid_stride_block_shared,cuda_kernel,fp32,4,262144,256,432,432,100,0.007373,0.007136,0.009088,0.000,1050304,142.444,35.552,262144.000,262144.000,0.000,0.000,true
reduction,cuda_grid_stride_block_shared,d2h,fp32,4,262144,256,432,432,10,0.007472,0.007139,0.007671,0.000,1728,0.231,0.000,0.000,0.000,0.000,0.000,true
reduction,cuda_grid_stride_block_shared,cpu_finalize,fp32,4,262144,256,432,432,50,0.000747,0.000745,0.000777,0.000,1732,2.319,0.577,262144.000,262144.000,0.000,0.000,true
reduction,cuda_grid_stride_two_pass,cuda_kernel,fp32,4,262144,256,432,432,100,0.010683,0.010400,0.015808,0.001,1050304,98.320,24.539,262144.000,262144.000,0.000,0.000,true
reduction,cuda_grid_stride_two_pass,d2h,fp32,4,262144,256,432,1,10,0.007356,0.007003,0.007640,0.000,4,0.001,0.000,0.000,0.000,0.000,0.000,true
reduction,cuda_multi_pass,cuda_kernel,fp32,4,262144,256,432,432,100,0.013401,0.012896,0.015072,0.000,1050304,78.373,19.561,262144.000,262144.000,0.000,0.000,true
reduction,cuda_multi_pass,d2h,fp32,4,262144,256,432,1,10,0.007447,0.006886,0.007724,0.000,4,0.001,0.000,0.000,0.000,0.000,0.000,true
reduction,cuda_atomic_add,cuda_kernel,fp32,4,262144,512,512,1,3,0.639659,0.638368,0.642144,0.002,1048580,1.639,0.410,262144.000,262144.000,0.000,0.000,true
reduction,cuda_atomic_add,d2h,fp32,4,262144,512,512,1,10,0.007749,0.007530,0.008010,0.000,4,0.001,0.000,0.000,0.000,0.000,0.000,true
reduction,cuda_block_shared_mem,cuda_kernel,fp32,4,262144,512,512,512,100,0.008767,0.008512,0.009440,0.000,1050624,119.842,29.902,262144.000,262144.000,0.000,0.000,true
reduction,cuda_block_shared_mem,d2h,fp32,4,262144,512,512,512,10,0.007537,0.006985,0.007856,0.000,2048,0.272,0.000,0.000,0.000,0.000,0.000,true
reduction,cuda_block_shared_mem,cpu_finalize,fp32,4,262144,512,512,512,50,0.000881,0.000879,0.000916,0.000,2052,2.330,0.580,262144.000,262144.000,0.000,0.000,true
reduction,cuda_grid_stride_block_shared,cuda_kernel,fp32,4,262144,512,432,432,100,0.008429,0.008000,0.022944,0.001,1050304,124.599,31.099,262144.000,262144.000,0.000,0.000,true
reduction,cuda_grid_stride_block_shared,d2h,fp32,4,262144,512,432,432,10,0.007498,0.007153,0.007788,0.000,1728,0.230,0.000,0.000,0.000,0.000,0.000,true
reduction,cuda_grid_stride_block_shared,cpu_finalize,fp32,4,262144,512,432,432,50,0.000747,0.000746,0.000777,0.000,1732,2.319,0.577,262144.000,262144.000,0.000,0.000,true
reduction,cuda_grid_stride_two_pass,cuda_kernel,fp32,4,262144,512,432,432,100,0.011567,0.011360,0.013376,0.000,1050304,90.799,22.662,262144.000,262144.000,0.000,0.000,true
reduction,cuda_grid_stride_two_pass,d2h,fp32,4,262144,512,432,1,10,0.007405,0.007087,0.007622,0.000,4,0.001,0.000,0.000,0.000,0.000,0.000,true
reduction,cuda_multi_pass,cuda_kernel,fp32,4,262144,512,432,432,100,0.014305,0.013984,0.016576,0.000,1050304,73.422,18.325,262144.000,262144.000,0.000,0.000,true
reduction,cuda_multi_pass,d2h,fp32,4,262144,512,432,1,10,0.007364,0.006936,0.007587,0.000,4,0.001,0.000,0.000,0.000,0.000,0.000,true
reduction,cuda_atomic_add,cuda_kernel,fp32,4,262144,1024,256,1,3,0.639339,0.638400,0.641120,0.001,1048580,1.640,0.410,262144.000,262144.000,0.000,0.000,true
reduction,cuda_atomic_add,d2h,fp32,4,262144,1024,256,1,10,0.008810,0.007502,0.019595,0.004,4,0.000,0.000,0.000,0.000,0.000,0.000,true
reduction,cuda_block_shared_mem,cuda_kernel,fp32,4,262144,1024,256,256,100,0.009656,0.009376,0.016832,0.001,1049600,108.699,27.148,262144.000,262144.000,0.000,0.000,true
reduction,cuda_block_shared_mem,d2h,fp32,4,262144,1024,256,256,10,0.007557,0.007144,0.008637,0.001,1024,0.135,0.000,0.000,0.000,0.000,0.000,true
reduction,cuda_block_shared_mem,cpu_finalize,fp32,4,262144,1024,256,256,50,0.000453,0.000452,0.000487,0.000,1028,2.268,0.563,262144.000,262144.000,0.000,0.000,true
reduction,cuda_grid_stride_block_shared,cuda_kernel,fp32,4,262144,1024,432,432,100,0.010887,0.010624,0.012832,0.000,1050304,96.470,24.078,262144.000,262144.000,0.000,0.000,true
reduction,cuda_grid_stride_block_shared,d2h,fp32,4,262144,1024,432,432,10,0.007467,0.006977,0.007899,0.000,1728,0.231,0.000,0.000,0.000,0.000,0.000,true
reduction,cuda_grid_stride_block_shared,cpu_finalize,fp32,4,262144,1024,432,432,50,0.000747,0.000745,0.000779,0.000,1732,2.318,0.577,262144.000,262144.000,0.000,0.000,true
reduction,cuda_grid_stride_two_pass,cuda_kernel,fp32,4,262144,1024,432,432,100,0.014189,0.013952,0.016256,0.000,1050304,74.023,18.475,262144.000,262144.000,0.000,0.000,true
reduction,cuda_grid_stride_two_pass,d2h,fp32,4,262144,1024,432,1,10,0.007328,0.006942,0.007734,0.000,4,0.001,0.000,0.000,0.000,0.000,0.000,true
reduction,cuda_multi_pass,cuda_kernel,fp32,4,262144,1024,432,432,100,0.016815,0.016416,0.018688,0.000,1050304,62.461,15.589,262144.000,262144.000,0.000,0.000,true
reduction,cuda_multi_pass,d2h,fp32,4,262144,1024,432,1,10,0.007251,0.007024,0.007654,0.000,4,0.001,0.000,0.000,0.000,0.000,0.000,true
reduction,cpu_serial,cpu,fp32,4,524288,0,0,0,10,0.878199,0.875959,0.887681,0.004,2097152,2.388,0.597,524288.000,524288.000,0.000,0.000,true
reduction,cpu_omp,cpu,fp32,4,524288,0,0,0,10,0.063673,0.051027,0.175052,0.037,2097152,32.936,8.234,524288.000,524288.000,0.000,0.000,true
reduction,all_gpu_version,h2d,fp32,4,524288,0,0,0,10,0.092471,0.090617,0.104844,0.004,2097152,22.679,0.000,0.000,0.000,0.000,0.000,true
reduction,cuda_atomic_add,cuda_kernel,fp32,4,524288,64,8192,1,3,1.273856,1.269888,1.281376,0.005,2097156,1.646,0.412,524288.000,524288.000,0.000,0.000,true
reduction,cuda_atomic_add,d2h,fp32,4,524288,64,8192,1,10,0.007601,0.007402,0.008587,0.000,4,0.001,0.000,0.000,0.000,0.000,0.000,true
reduction,cuda_block_shared_mem,cuda_kernel,fp32,4,524288,64,8192,8192,100,0.013066,0.012704,0.021056,0.001,2129920,163.017,40.127,524288.000,524288.000,0.000,0.000,true
reduction,cuda_block_shared_mem,d2h,fp32,4,524288,64,8192,8192,10,0.008800,0.008289,0.009498,0.000,32768,3.724,0.000,0.000,0.000,0.000,0.000,true
reduction,cuda_block_shared_mem,cpu_finalize,fp32,4,524288,64,8192,8192,50,0.013741,0.013711,0.013744,0.000,32772,2.385,0.596,524288.000,524288.000,0.000,0.000,true
reduction,cuda_grid_stride_block_shared,cuda_kernel,fp32,4,524288,64,432,432,100,0.010423,0.010208,0.014784,0.000,2098880,201.375,50.302,524288.000,524288.000,0.000,0.000,true
reduction,cuda_grid_stride_block_shared,d2h,fp32,4,524288,64,432,432,10,0.007409,0.006999,0.008118,0.000,1728,0.233,0.000,0.000,0.000,0.000,0.000,true
reduction,cuda_grid_stride_block_shared,cpu_finalize,fp32,4,524288,64,432,432,50,0.000747,0.000746,0.000769,0.000,1732,2.318,0.577,524288.000,524288.000,0.000,0.000,true
reduction,cuda_grid_stride_two_pass,cuda_kernel,fp32,4,524288,64,432,432,100,0.013973,0.013728,0.017216,0.000,2098880,150.208,37.521,524288.000,524288.000,0.000,0.000,true
reduction,cuda_grid_stride_two_pass,d2h,fp32,4,524288,64,432,1,10,0.007669,0.007318,0.007881,0.000,4,0.001,0.000,0.000,0.000,0.000,0.000,true
reduction,cuda_multi_pass,cuda_kernel,fp32,4,524288,64,432,432,100,0.016796,0.016480,0.020480,0.000,2098880,124.967,31.216,524288.000,524288.000,0.000,0.000,true
reduction,cuda_multi_pass,d2h,fp32,4,524288,64,432,1,10,0.007305,0.007064,0.007968,0.000,4,0.001,0.000,0.000,0.000,0.000,0.000,true
reduction,cuda_atomic_add,cuda_kernel,fp32,4,524288,128,4096,1,3,1.271947,1.270080,1.275552,0.003,2097156,1.649,0.412,524288.000,524288.000,0.000,0.000,true
reduction,cuda_atomic_add,d2h,fp32,4,524288,128,4096,1,10,0.007831,0.007589,0.008519,0.000,4,0.001,0.000,0.000,0.000,0.000,0.000,true
reduction,cuda_block_shared_mem,cuda_kernel,fp32,4,524288,128,4096,4096,100,0.010301,0.010048,0.012000,0.000,2113536,205.182,50.898,524288.000,524288.000,0.000,0.000,true
reduction,cuda_block_shared_mem,d2h,fp32,4,524288,128,4096,4096,10,0.008037,0.007813,0.008744,0.000,16384,2.039,0.000,0.000,0.000,0.000,0.000,true
reduction,cuda_block_shared_mem,cpu_finalize,fp32,4,524288,128,4096,4096,50,0.006884,0.006868,0.006906,0.000,16388,2.381,0.595,524288.000,524288.000,0.000,0.000,true
reduction,cuda_grid_stride_block_shared,cuda_kernel,fp32,4,524288,128,432,432,100,0.008535,0.008320,0.012320,0.000,2098880,245.913,61.428,524288.000,524288.000,0.000,0.000,true
reduction,cuda_grid_stride_block_shared,d2h,fp32,4,524288,128,432,432,10,0.007365,0.006953,0.007883,0.000,1728,0.235,0.000,0.000,0.000,0.000,0.000,true
reduction,cuda_grid_stride_block_shared,cpu_finalize,fp32,4,524288,128,432,432,50,0.000747,0.000746,0.000767,0.000,1732,2.319,0.577,524288.000,524288.000,0.000,0.000,true
reduction,cuda_grid_stride_two_pass,cuda_kernel,fp32,4,524288,128,432,432,100,0.012080,0.011872,0.015584,0.000,2098880,173.753,43.402,524288.000,524288.000,0.000,0.000,true
reduction,cuda_grid_stride_two_pass,d2h,fp32,4,524288,128,432,1,10,0.007379,0.006942,0.007891,0.000,4,0.001,0.000,0.000,0.000,0.000,0.000,true
reduction,cuda_multi_pass,cuda_kernel,fp32,4,524288,128,432,432,100,0.014944,0.014560,0.018208,0.000,2098880,140.447,35.083,524288.000,524288.000,0.000,0.000,true
reduction,cuda_multi_pass,d2h,fp32,4,524288,128,432,1,10,0.007347,0.007051,0.007881,0.000,4,0.001,0.000,0.000,0.000,0.000,0.000,true
reduction,cuda_atomic_add,cuda_kernel,fp32,4,524288,256,2048,1,3,1.272117,1.270208,1.275776,0.003,2097156,1.649,0.412,524288.000,524288.000,0.000,0.000,true
reduction,cuda_atomic_add,d2h,fp32,4,524288,256,2048,1,10,0.007642,0.007430,0.008342,0.000,4,0.001,0.000,0.000,0.000,0.000,0.000,true
reduction,cuda_block_shared_mem,cuda_kernel,fp32,4,524288,256,2048,2048,100,0.010209,0.010016,0.012128,0.000,2105344,206.219,51.354,524288.000,524288.000,0.000,0.000,true
reduction,cuda_block_shared_mem,d2h,fp32,4,524288,256,2048,2048,10,0.007761,0.007218,0.008389,0.000,8192,1.055,0.000,0.000,0.000,0.000,0.000,true
reduction,cuda_block_shared_mem,cpu_finalize,fp32,4,524288,256,2048,2048,50,0.003463,0.003445,0.003470,0.000,8196,2.367,0.591,524288.000,524288.000,0.000,0.000,true
reduction,cuda_grid_stride_block_shared,cuda_kernel,fp32,4,524288,256,432,432,100,0.007936,0.007648,0.011360,0.000,2098880,264.465,66.062,524288.000,524288.000,0.000,0.000,true
reduction,cuda_grid_stride_block_shared,d2h,fp32,4,524288,256,432,432,10,0.007661,0.007100,0.008118,0.000,1728,0.226,0.000,0.000,0.000,0.000,0.000,true
reduction,cuda_grid_stride_block_shared,cpu_finalize,fp32,4,524288,256,432,432,50,0.000747,0.000746,0.000768,0.000,1732,2.319,0.577,524288.000,524288.000,0.000,0.000,true
reduction,cuda_grid_stride_two_pass,cuda_kernel,fp32,4,524288,256,432,432,100,0.011440,0.011232,0.014816,0.000,2098880,183.474,45.831,524288.000,524288.000,0.000,0.000,true
reduction,cuda_grid_stride_two_pass,d2h,fp32,4,524288,256,432,1,10,0.007312,0.006892,0.007675,0.000,4,0.001,0.000,0.000,0.000,0.000,0.000,true
reduction,cuda_multi_pass,cuda_kernel,fp32,4,524288,256,432,432,100,0.014331,0.013824,0.017344,0.000,2098880,146.459,36.584,524288.000,524288.000,0.000,0.000,true
reduction,cuda_multi_pass,d2h,fp32,4,524288,256,432,1,10,0.007369,0.007065,0.007768,0.000,4,0.001,0.000,0.000,0.000,0.000,0.000,true
reduction,cuda_atomic_add,cuda_kernel,fp32,4,524288,512,1024,1,3,1.272053,1.270112,1.275552,0.002,2097156,1.649,0.412,524288.000,524288.000,0.000,0.000,true
reduction,cuda_atomic_add,d2h,fp32,4,524288,512,1024,1,10,0.007660,0.007429,0.008263,0.000,4,0.001,0.000,0.000,0.000,0.000,0.000,true
reduction,cuda_block_shared_mem,cuda_kernel,fp32,4,524288,512,1024,1024,100,0.010943,0.010688,0.012768,0.000,2101248,192.017,47.911,524288.000,524288.000,0.000,0.000,true
reduction,cuda_block_shared_mem,d2h,fp32,4,524288,512,1024,1024,10,0.008646,0.007204,0.018894,0.003,4096,0.474,0.000,0.000,0.000,0.000,0.000,true
reduction,cuda_block_shared_mem,cpu_finalize,fp32,4,524288,512,1024,1024,50,0.001738,0.001734,0.001871,0.000,4100,2.359,0.588,524288.000,524288.000,0.000,0.000,true
reduction,cuda_grid_stride_block_shared,cuda_kernel,fp32,4,524288,512,432,432,100,0.008660,0.008320,0.017920,0.001,2098880,242.360,60.540,524288.000,524288.000,0.000,0.000,true
reduction,cuda_grid_stride_block_shared,d2h,fp32,4,524288,512,432,432,10,0.008634,0.007283,0.018868,0.003,1728,0.200,0.000,0.000,0.000,0.000,0.000,true
reduction,cuda_grid_stride_block_shared,cpu_finalize,fp32,4,524288,512,432,432,50,0.000747,0.000745,0.000772,0.000,1732,2.319,0.577,524288.000,524288.000,0.000,0.000,true
reduction,cuda_grid_stride_two_pass,cuda_kernel,fp32,4,524288,512,432,432,100,0.012204,0.011904,0.016064,0.000,2098880,171.985,42.961,524288.000,524288.000,0.000,0.000,true
reduction,cuda_grid_stride_two_pass,d2h,fp32,4,524288,512,432,1,10,0.007377,0.007153,0.007768,0.000,4,0.001,0.000,0.000,0.000,0.000,0.000,true
reduction,cuda_multi_pass,cuda_kernel,fp32,4,524288,512,432,432,100,0.015043,0.014560,0.019552,0.001,2098880,139.524,34.852,524288.000,524288.000,0.000,0.000,true
reduction,cuda_multi_pass,d2h,fp32,4,524288,512,432,1,10,0.007507,0.006898,0.007834,0.000,4,0.001,0.000,0.000,0.000,0.000,0.000,true
reduction,cuda_atomic_add,cuda_kernel,fp32,4,524288,1024,512,1,3,1.272224,1.270048,1.276384,0.003,2097156,1.648,0.412,524288.000,524288.000,0.000,0.000,true
reduction,cuda_atomic_add,d2h,fp32,4,524288,1024,512,1,10,0.007715,0.007428,0.009184,0.001,4,0.001,0.000,0.000,0.000,0.000,0.000,true
reduction,cuda_block_shared_mem,cuda_kernel,fp32,4,524288,1024,512,512,100,0.012213,0.011904,0.014400,0.000,2099200,171.881,42.928,524288.000,524288.000,0.000,0.000,true
reduction,cuda_block_shared_mem,d2h,fp32,4,524288,1024,512,512,10,0.007341,0.006747,0.008205,0.000,2048,0.279,0.000,0.000,0.000,0.000,0.000,true
reduction,cuda_block_shared_mem,cpu_finalize,fp32,4,524288,1024,512,512,50,0.000881,0.000879,0.000903,0.000,2052,2.330,0.580,524288.000,524288.000,0.000,0.000,true
reduction,cuda_grid_stride_block_shared,cuda_kernel,fp32,4,524288,1024,432,432,100,0.011443,0.011104,0.016320,0.001,2098880,183.427,45.819,524288.000,524288.000,0.000,0.000,true
reduction,cuda_grid_stride_block_shared,d2h,fp32,4,524288,1024,432,432,10,0.007414,0.006952,0.007756,0.000,1728,0.233,0.000,0.000,0.000,0.000,0.000,true
reduction,cuda_grid_stride_block_shared,cpu_finalize,fp32,4,524288,1024,432,432,50,0.000747,0.000746,0.000770,0.000,1732,2.318,0.577,524288.000,524288.000,0.000,0.000,true
reduction,cuda_grid_stride_two_pass,cuda_kernel,fp32,4,524288,1024,432,432,100,0.014941,0.014688,0.018496,0.000,2098880,140.474,35.089,524288.000,524288.000,0.000,0.000,true
reduction,cuda_grid_stride_two_pass,d2h,fp32,4,524288,1024,432,1,10,0.007267,0.006872,0.007641,0.000,4,0.001,0.000,0.000,0.000,0.000,0.000,true
reduction,cuda_multi_pass,cuda_kernel,fp32,4,524288,1024,432,432,100,0.017702,0.017344,0.021280,0.000,2098880,118.567,29.617,524288.000,524288.000,0.000,0.000,true
reduction,cuda_multi_pass,d2h,fp32,4,524288,1024,432,1,10,0.007437,0.007069,0.007787,0.000,4,0.001,0.000,0.000,0.000,0.000,0.000,true
reduction,cpu_serial,cpu,fp32,4,1048576,0,0,0,10,1.754284,1.752019,1.760417,0.003,4194304,2.391,0.598,1048576.000,1048576.000,0.000,0.000,true
reduction,cpu_omp,cpu,fp32,4,1048576,0,0,0,10,0.113439,0.099681,0.233280,0.040,4194304,36.974,9.243,1048576.000,1048576.000,0.000,0.000,true
reduction,all_gpu_version,h2d,fp32,4,1048576,0,0,0,10,0.176505,0.173237,0.203866,0.009,4194304,23.763,0.000,0.000,0.000,0.000,0.000,true
reduction,cuda_atomic_add,cuda_kernel,fp32,4,1048576,64,16384,1,3,2.536565,2.533408,2.542880,0.004,4194308,1.654,0.413,1048576.000,1048576.000,0.000,0.000,true
reduction,cuda_atomic_add,d2h,fp32,4,1048576,64,16384,1,10,0.009379,0.007432,0.024617,0.005,4,0.000,0.000,0.000,0.000,0.000,0.000,true
reduction,cuda_block_shared_mem,cuda_kernel,fp32,4,1048576,64,16384,16384,100,0.019467,0.019232,0.022592,0.000,4259840,218.829,53.865,1048576.000,1048576.000,0.000,0.000,true
reduction,cuda_block_shared_mem,d2h,fp32,4,1048576,64,16384,16384,10,0.010068,0.009865,0.010873,0.000,65536,6.510,0.000,0.000,0.000,0.000,0.000,true
reduction,cuda_block_shared_mem,cpu_finalize,fp32,4,1048576,64,16384,16384,50,0.027502,0.027399,0.032484,0.001,65540,2.383,0.596,1048576.000,1048576.000,0.000,0.000,true
reduction,cuda_grid_stride_block_shared,cuda_kernel,fp32,4,1048576,64,432,432,100,0.014308,0.014048,0.018720,0.000,4196032,293.261,73.285,1048576.000,1048576.000,0.000,0.000,true
reduction,cuda_grid_stride_block_shared,d2h,fp32,4,1048576,64,432,432,10,0.007594,0.007006,0.007979,0.000,1728,0.228,0.000,0.000,0.000,0.000,0.000,true
reduction,cuda_grid_stride_block_shared,cpu_finalize,fp32,4,1048576,64,432,432,50,0.000747,0.000745,0.000764,0.000,1732,2.320,0.577,1048576.000,1048576.000,0.000,0.000,true
reduction,cuda_grid_stride_two_pass,cuda_kernel,fp32,4,1048576,64,432,432,100,0.017836,0.017632,0.021632,0.000,4196032,235.258,58.790,1048576.000,1048576.000,0.000,0.000,true
reduction,cuda_grid_stride_two_pass,d2h,fp32,4,1048576,64,432,1,10,0.007374,0.006911,0.007656,0.000,4,0.001,0.000,0.000,0.000,0.000,0.000,true
reduction,cuda_multi_pass,cuda_kernel,fp32,4,1048576,64,432,432,100,0.020658,0.020288,0.024448,0.000,4196032,203.123,50.760,1048576.000,1048576.000,0.000,0.000,true
reduction,cuda_multi_pass,d2h,fp32,4,1048576,64,432,1,10,0.007270,0.007089,0.007768,0.000,4,0.001,0.000,0.000,0.000,0.000,0.000,true
reduction,cuda_atomic_add,cuda_kernel,fp32,4,1048576,128,8192,1,3,2.535456,2.533408,2.538880,0.002,4194308,1.654,0.414,1048576.000,1048576.000,0.000,0.000,true
reduction,cuda_atomic_add,d2h,fp32,4,1048576,128,8192,1,10,0.007688,0.007258,0.008612,0.000,4,0.001,0.000,0.000,0.000,0.000,0.000,true
reduction,cuda_block_shared_mem,cuda_kernel,fp32,4,1048576,128,8192,8192,100,0.014252,0.014016,0.016736,0.000,4227072,296.598,73.575,1048576.000,1048576.000,0.000,0.000,true
reduction,cuda_block_shared_mem,d2h,fp32,4,1048576,128,8192,8192,10,0.008698,0.008435,0.009458,0.000,32768,3.767,0.000,0.000,0.000,0.000,0.000,true
reduction,cuda_block_shared_mem,cpu_finalize,fp32,4,1048576,128,8192,8192,50,0.013711,0.013709,0.013727,0.000,32772,2.390,0.597,1048576.000,1048576.000,0.000,0.000,true
reduction,cuda_grid_stride_block_shared,cuda_kernel,fp32,4,1048576,128,432,432,100,0.010511,0.010304,0.014560,0.000,4196032,399.215,99.762,1048576.000,1048576.000,0.000,0.000,true
reduction,cuda_grid_stride_block_shared,d2h,fp32,4,1048576,128,432,432,10,0.007453,0.006936,0.008066,0.000,1728,0.232,0.000,0.000,0.000,0.000,0.000,true
reduction,cuda_grid_stride_block_shared,cpu_finalize,fp32,4,1048576,128,432,432,50,0.000747,0.000745,0.000765,0.000,1732,2.320,0.577,1048576.000,1048576.000,0.000,0.000,true
reduction,cuda_grid_stride_two_pass,cuda_kernel,fp32,4,1048576,128,432,432,100,0.014155,0.013888,0.019456,0.001,4196032,296.444,74.080,1048576.000,1048576.000,0.000,0.000,true
reduction,cuda_grid_stride_two_pass,d2h,fp32,4,1048576,128,432,1,10,0.007516,0.007369,0.007918,0.000,4,0.001,0.000,0.000,0.000,0.000,0.000,true
reduction,cuda_multi_pass,cuda_kernel,fp32,4,1048576,128,432,432,100,0.016880,0.016544,0.020832,0.000,4196032,248.580,62.119,1048576.000,1048576.000,0.000,0.000,true
reduction,cuda_multi_pass,d2h,fp32,4,1048576,128,432,1,10,0.007312,0.006849,0.007841,0.000,4,0.001,0.000,0.000,0.000,0.000,0.000,true
reduction,cuda_atomic_add,cuda_kernel,fp32,4,1048576,256,4096,1,3,2.535275,2.533472,2.538848,0.003,4194308,1.654,0.414,1048576.000,1048576.000,0.000,0.000,true
reduction,cuda_atomic_add,d2h,fp32,4,1048576,256,4096,1,10,0.007379,0.007110,0.008021,0.000,4,0.001,0.000,0.000,0.000,0.000,0.000,true
reduction,cuda_block_shared_mem,cuda_kernel,fp32,4,1048576,256,4096,4096,100,0.014268,0.013952,0.018336,0.000,4210688,295.104,73.489,1048576.000,1048576.000,0.000,0.000,true
reduction,cuda_block_shared_mem,d2h,fp32,4,1048576,256,4096,4096,10,0.008113,0.007898,0.008783,0.000,16384,2.019,0.000,0.000,0.000,0.000,0.000,true
reduction,cuda_block_shared_mem,cpu_finalize,fp32,4,1048576,256,4096,4096,50,0.006868,0.006866,0.006885,0.000,16388,2.386,0.596,1048576.000,1048576.000,0.000,0.000,true
reduction,cuda_grid_stride_block_shared,cuda_kernel,fp32,4,1048576,256,432,432,100,0.008943,0.008672,0.014176,0.001,4196032,469.178,117.246,1048576.000,1048576.000,0.000,0.000,true
reduction,cuda_grid_stride_block_shared,d2h,fp32,4,1048576,256,432,432,10,0.007483,0.007331,0.007893,0.000,1728,0.231,0.000,0.000,0.000,0.000,0.000,true
reduction,cuda_grid_stride_block_shared,cpu_finalize,fp32,4,1048576,256,432,432,50,0.000747,0.000745,0.000763,0.000,1732,2.319,0.577,1048576.000,1048576.000,0.000,0.000,true
reduction,cuda_grid_stride_two_pass,cuda_kernel,fp32,4,1048576,256,432,432,100,0.012509,0.012256,0.016096,0.000,4196032,335.438,83.825,1048576.000,1048576.000,0.000,0.000,true
reduction,cuda_grid_stride_two_pass,d2h,fp32,4,1048576,256,432,1,10,0.007428,0.007278,0.007737,0.000,4,0.001,0.000,0.000,0.000,0.000,0.000,true
reduction,cuda_multi_pass,cuda_kernel,fp32,4,1048576,256,432,432,100,0.015403,0.014976,0.019136,0.000,4196032,272.419,68.077,1048576.000,1048576.000,0.000,0.000,true
reduction,cuda_multi_pass,d2h,fp32,4,1048576,256,432,1,10,0.007282,0.006889,0.007687,0.000,4,0.001,0.000,0.000,0.000,0.000,0.000,true
reduction,cuda_atomic_add,cuda_kernel,fp32,4,1048576,512,2048,1,3,2.535200,2.533312,2.538720,0.002,4194308,1.654,0.414,1048576.000,1048576.000,0.000,0.000,true
reduction,cuda_atomic_add,d2h,fp32,4,1048576,512,2048,1,10,0.007652,0.007434,0.008215,0.000,4,0.001,0.000,0.000,0.000,0.000,0.000,true
reduction,cuda_block_shared_mem,cuda_kernel,fp32,4,1048576,512,2048,2048,100,0.015603,0.015264,0.017216,0.000,4202496,269.341,67.204,1048576.000,1048576.000,0.000,0.000,true
reduction,cuda_block_shared_mem,d2h,fp32,4,1048576,512,2048,2048,10,0.008157,0.007603,0.008843,0.000,8192,1.004,0.000,0.000,0.000,0.000,0.000,true
reduction,cuda_block_shared_mem,cpu_finalize,fp32,4,1048576,512,2048,2048,50,0.003446,0.003445,0.003463,0.000,8196,2.378,0.594,1048576.000,1048576.000,0.000,0.000,true
reduction,cuda_grid_stride_block_shared,cuda_kernel,fp32,4,1048576,512,432,432,100,0.009241,0.008928,0.012992,0.001,4196032,454.069,113.470,1048576.000,1048576.000,0.000,0.000,true
reduction,cuda_grid_stride_block_shared,d2h,fp32,4,1048576,512,432,432,10,0.007458,0.007300,0.007824,0.000,1728,0.232,0.000,0.000,0.000,0.000,0.000,true
reduction,cuda_grid_stride_block_shared,cpu_finalize,fp32,4,1048576,512,432,432,50,0.000747,0.000745,0.000766,0.000,1732,2.319,0.577,1048576.000,1048576.000,0.000,0.000,true
reduction,cuda_grid_stride_two_pass,cuda_kernel,fp32,4,1048576,512,432,432,100,0.012727,0.012448,0.016224,0.000,4196032,329.694,82.390,1048576.000,1048576.000,0.000,0.000,true
reduction,cuda_grid_stride_two_pass,d2h,fp32,4,1048576,512,432,1,10,0.007387,0.007155,0.007702,0.000,4,0.001,0.000,0.000,0.000,0.000,0.000,true
reduction,cuda_multi_pass,cuda_kernel,fp32,4,1048576,512,432,432,100,0.015683,0.015168,0.018944,0.000,4196032,267.560,66.862,1048576.000,1048576.000,0.000,0.000,true
reduction,cuda_multi_pass,d2h,fp32,4,1048576,512,432,1,10,0.007381,0.006932,0.007684,0.000,4,0.001,0.000,0.000,0.000,0.000,0.000,true
reduction,cuda_atomic_add,cuda_kernel,fp32,4,1048576,1024,1024,1,3,2.535200,2.533504,2.538368,0.002,4194308,1.654,0.414,1048576.000,1048576.000,0.000,0.000,true
reduction,cuda_atomic_add,d2h,fp32,4,1048576,1024,1024,1,10,0.007672,0.007472,0.008475,0.000,4,0.001,0.000,0.000,0.000,0.000,0.000,true
reduction,cuda_block_shared_mem,cuda_kernel,fp32,4,1048576,1024,1024,1024,100,0.018167,0.017920,0.020448,0.000,4198400,231.100,57.719,1048576.000,1048576.000,0.000,0.000,true
reduction,cuda_block_shared_mem,d2h,fp32,4,1048576,1024,1024,1024,10,0.007824,0.007542,0.008099,0.000,4096,0.524,0.000,0.000,0.000,0.000,0.000,true
reduction,cuda_block_shared_mem,cpu_finalize,fp32,4,1048576,1024,1024,1024,50,0.001737,0.001735,0.001751,0.000,4100,2.361,0.589,1048576.000,1048576.000,0.000,0.000,true
reduction,cuda_grid_stride_block_shared,cuda_kernel,fp32,4,1048576,1024,432,432,100,0.011926,0.011680,0.015520,0.000,4196032,351.846,87.925,1048576.000,1048576.000,0.000,0.000,true
reduction,cuda_grid_stride_block_shared,d2h,fp32,4,1048576,1024,432,432,10,0.007619,0.007329,0.007882,0.000,1728,0.227,0.000,0.000,0.000,0.000,0.000,true
reduction,cuda_grid_stride_block_shared,cpu_finalize,fp32,4,1048576,1024,432,432,50,0.000747,0.000745,0.000762,0.000,1732,2.320,0.577,1048576.000,1048576.000,0.000,0.000,true
reduction,cuda_grid_stride_two_pass,cuda_kernel,fp32,4,1048576,1024,432,432,100,0.015621,0.015296,0.019488,0.000,4196032,268.613,67.125,1048576.000,1048576.000,0.000,0.000,true
reduction,cuda_grid_stride_two_pass,d2h,fp32,4,1048576,1024,432,1,10,0.007407,0.007016,0.007728,0.000,4,0.001,0.000,0.000,0.000,0.000,0.000,true
reduction,cuda_multi_pass,cuda_kernel,fp32,4,1048576,1024,432,432,100,0.018327,0.018016,0.021856,0.000,4196032,228.949,57.214,1048576.000,1048576.000,0.000,0.000,true
reduction,cuda_multi_pass,d2h,fp32,4,1048576,1024,432,1,10,0.007343,0.006887,0.007716,0.000,4,0.001,0.000,0.000,0.000,0.000,0.000,true
reduction,cpu_serial,cpu,fp32,4,2097152,0,0,0,10,3.512479,3.505513,3.521333,0.004,8388608,2.388,0.597,2097152.000,2097152.000,0.000,0.000,true
reduction,cpu_omp,cpu,fp32,4,2097152,0,0,0,10,2.989703,0.197167,23.969932,7.101,8388608,2.806,0.701,2097152.000,2097152.000,0.000,0.000,true
reduction,all_gpu_version,h2d,fp32,4,2097152,0,0,0,10,0.342678,0.337888,0.382548,0.013,8388608,24.480,0.000,0.000,0.000,0.000,0.000,true
reduction,cuda_atomic_add,cuda_kernel,fp32,4,2097152,64,32768,1,3,5.064704,5.060000,5.073280,0.006,8388612,1.656,0.414,2097152.000,2097152.000,0.000,0.000,true
reduction,cuda_atomic_add,d2h,fp32,4,2097152,64,32768,1,10,0.007840,0.007484,0.009175,0.000,4,0.001,0.000,0.000,0.000,0.000,0.000,true
reduction,cuda_block_shared_mem,cuda_kernel,fp32,4,2097152,64,32768,32768,100,0.032438,0.032128,0.041056,0.001,8519680,262.642,64.650,2097152.000,2097152.000,0.000,0.000,true
reduction,cuda_block_shared_mem,d2h,fp32,4,2097152,64,32768,32768,10,0.012505,0.012197,0.013829,0.000,131072,10.481,0.000,0.000,0.000,0.000,0.000,true
reduction,cuda_block_shared_mem,cpu_finalize,fp32,4,2097152,64,32768,32768,50,0.054862,0.054770,0.058525,0.001,131076,2.389,0.597,2097152.000,2097152.000,0.000,0.000,true
reduction,cuda_grid_stride_block_shared,cuda_kernel,fp32,4,2097152,64,432,432,100,0.022049,0.021760,0.026976,0.001,8390336,380.527,95.112,2097152.000,2097152.000,0.000,0.000,true
reduction,cuda_grid_stride_block_shared,d2h,fp32,4,2097152,64,432,432,10,0.007531,0.007242,0.007727,0.000,1728,0.229,0.000,0.000,0.000,0.000,0.000,true
reduction,cuda_grid_stride_block_shared,cpu_finalize,fp32,4,2097152,64,432,432,50,0.000747,0.000745,0.000778,0.000,1732,2.318,0.577,2097152.000,2097152.000,0.000,0.000,true
reduction,cuda_grid_stride_two_pass,cuda_kernel,fp32,4,2097152,64,432,432,100,0.025577,0.025376,0.029344,0.000,8390336,328.047,81.995,2097152.000,2097152.000,0.000,0.000,true
reduction,cuda_grid_stride_two_pass,d2h,fp32,4,2097152,64,432,1,10,0.007555,0.006887,0.008104,0.000,4,0.001,0.000,0.000,0.000,0.000,0.000,true
reduction,cuda_multi_pass,cuda_kernel,fp32,4,2097152,64,432,432,100,0.027944,0.027552,0.031584,0.000,8390336,300.252,75.047,2097152.000,2097152.000,0.000,0.000,true
reduction,cuda_multi_pass,d2h,fp32,4,2097152,64,432,1,10,0.007542,0.007116,0.007851,0.000,4,0.001,0.000,0.000,0.000,0.000,0.000,true
reduction,cuda_atomic_add,cuda_kernel,fp32,4,2097152,128,16384,1,3,5.062432,5.060288,5.066624,0.003,8388612,1.657,0.414,2097152.000,2097152.000,0.000,0.000,true
reduction,cuda_atomic_add,d2h,fp32,4,2097152,128,16384,1,10,0.007648,0.006948,0.008885,0.001,4,0.001,0.000,0.000,0.000,0.000,0.000,true
reduction,cuda_block_shared_mem,cuda_kernel,fp32,4,2097152,128,16384,16384,100,0.022229,0.021984,0.024864,0.000,8454144,380.313,94.341,2097152.000,2097152.000,0.000,0.000,true
reduction,cuda_block_shared_mem,d2h,fp32,4,2097152,128,16384,16384,10,0.010065,0.009565,0.011139,0.000,65536,6.511,0.000,0.000,0.000,0.000,0.000,true
reduction,cuda_block_shared_mem,cpu_finalize,fp32,4,2097152,128,16384,16384,50,0.027417,0.027401,0.027445,0.000,65540,2.390,0.598,2097152.000,2097152.000,0.000,0.000,true
reduction,cuda_grid_stride_block_shared,cuda_kernel,fp32,4,2097152,128,432,432,100,0.014507,0.014272,0.018464,0.000,8390336,578.382,144.566,2097152.000,2097152.000,0.000,0.000,true
reduction,cuda_grid_stride_block_shared,d2h,fp32,4,2097152,128,432,432,10,0.007487,0.007009,0.008059,0.000,1728,0.231,0.000,0.000,0.000,0.000,0.000,true
reduction,cuda_grid_stride_block_shared,cpu_finalize,fp32,4,2097152,128,432,432,50,0.000747,0.000745,0.000775,0.000,1732,2.319,0.577,2097152.000,2097152.000,0.000,0.000,true
reduction,cuda_grid_stride_two_pass,cuda_kernel,fp32,4,2097152,128,432,432,100,0.017789,0.017568,0.022176,0.000,8390336,471.664,117.892,2097152.000,2097152.000,0.000,0.000,true
reduction,cuda_grid_stride_two_pass,d2h,fp32,4,2097152,128,432,1,10,0.007446,0.006924,0.007948,0.000,4,0.001,0.000,0.000,0.000,0.000,0.000,true
reduction,cuda_multi_pass,cuda_kernel,fp32,4,2097152,128,432,432,100,0.020856,0.020480,0.024384,0.000,8390336,402.305,100.555,2097152.000,2097152.000,0.000,0.000,true
reduction,cuda_multi_pass,d2h,fp32,4,2097152,128,432,1,10,0.007231,0.006885,0.008022,0.000,4,0.001,0.000,0.000,0.000,0.000,0.000,true
reduction,cuda_atomic_add,cuda_kernel,fp32,4,2097152,256,8192,1,3,5.061941,5.060032,5.065632,0.003,8388612,1.657,0.414,2097152.000,2097152.000,0.000,0.000,true
reduction,cuda_atomic_add,d2h,fp32,4,2097152,256,8192,1,10,0.007779,0.007434,0.008395,0.000,4,0.001,0.000,0.000,0.000,0.000,0.000,true
reduction,cuda_block_shared_mem,cuda_kernel,fp32,4,2097152,256,8192,8192,100,0.022099,0.021824,0.024512,0.000,8421376,381.072,94.897,2097152.000,2097152.000,0.000,0.000,true
reduction,cuda_block_shared_mem,d2h,fp32,4,2097152,256,8192,8192,10,0.008563,0.008090,0.009413,0.000,32768,3.827,0.000,0.000,0.000,0.000,0.000,true
reduction,cuda_block_shared_mem,cpu_finalize,fp32,4,2097152,256,8192,8192,50,0.013713,0.013710,0.013757,0.000,32772,2.390,0.597,2097152.000,2097152.000,0.000,0.000,true
reduction,cuda_grid_stride_block_shared,cuda_kernel,fp32,4,2097152,256,432,432,100,0.011111,0.010848,0.014816,0.000,8390336,755.157,188.750,2097152.000,2097152.000,0.000,0.000,true
reduction,cuda_grid_stride_block_shared,d2h,fp32,4,2097152,256,432,432,10,0.007463,0.007141,0.007880,0.000,1728,0.232,0.000,0.000,0.000,0.000,0.000,true
reduction,cuda_grid_stride_block_shared,cpu_finalize,fp32,4,2097152,256,432,432,50,0.000747,0.000746,0.000778,0.000,1732,2.318,0.577,2097152.000,2097152.000,0.000,0.000,true
reduction,cuda_grid_stride_two_pass,cuda_kernel,fp32,4,2097152,256,432,432,100,0.014642,0.014432,0.018368,0.000,8390336,573.035,143.229,2097152.000,2097152.000,0.000,0.000,true
reduction,cuda_grid_stride_two_pass,d2h,fp32,4,2097152,256,432,1,10,0.007480,0.007255,0.007775,0.000,4,0.001,0.000,0.000,0.000,0.000,0.000,true
reduction,cuda_multi_pass,cuda_kernel,fp32,4,2097152,256,432,432,100,0.017040,0.016672,0.020448,0.000,8390336,492.400,123.075,2097152.000,2097152.000,0.000,0.000,true
reduction,cuda_multi_pass,d2h,fp32,4,2097152,256,432,1,10,0.007382,0.007111,0.007750,0.000,4,0.001,0.000,0.000,0.000,0.000,0.000,true
reduction,cuda_atomic_add,cuda_kernel,fp32,4,2097152,512,4096,1,3,5.061930,5.060064,5.065344,0.002,8388612,1.657,0.414,2097152.000,2097152.000,0.000,0.000,true
reduction,cuda_atomic_add,d2h,fp32,4,2097152,512,4096,1,10,0.007656,0.007464,0.008377,0.000,4,0.001,0.000,0.000,0.000,0.000,0.000,true
reduction,cuda_block_shared_mem,cuda_kernel,fp32,4,2097152,512,4096,4096,100,0.024812,0.024576,0.027232,0.000,8404992,338.754,84.523,2097152.000,2097152.000,0.000,0.000,true
reduction,cuda_block_shared_mem,d2h,fp32,4,2097152,512,4096,4096,10,0.008152,0.007707,0.008443,0.000,16384,2.010,0.000,0.000,0.000,0.000,0.000,true
reduction,cuda_block_shared_mem,cpu_finalize,fp32,4,2097152,512,4096,4096,50,0.006869,0.006866,0.006927,0.000,16388,2.386,0.596,2097152.000,2097152.000,0.000,0.000,true
reduction,cuda_grid_stride_block_shared,cuda_kernel,fp32,4,2097152,512,432,432,100,0.010504,0.010240,0.014048,0.000,8390336,798.775,199.653,2097152.000,2097152.000,0.000,0.000,true
reduction,cuda_grid_stride_block_shared,d2h,fp32,4,2097152,512,432,432,10,0.007562,0.007003,0.007918,0.000,1728,0.229,0.000,0.000,0.000,0.000,0.000,true
reduction,cuda_grid_stride_block_shared,cpu_finalize,fp32,4,2097152,512,432,432,50,0.000747,0.000745,0.000780,0.000,1732,2.318,0.577,2097152.000,2097152.000,0.000,0.000,true
reduction,cuda_grid_stride_two_pass,cuda_kernel,fp32,4,2097152,512,432,432,100,0.013820,0.013568,0.017312,0.000,8390336,607.123,151.749,2097152.000,2097152.000,0.000,0.000,true
reduction,cuda_grid_stride_two_pass,d2h,fp32,4,2097152,512,432,1,10,0.007383,0.006903,0.007774,0.000,4,0.001,0.000,0.000,0.000,0.000,0.000,true
reduction,cuda_multi_pass,cuda_kernel,fp32,4,2097152,512,432,432,100,0.016900,0.016480,0.020640,0.000,8390336,496.474,124.093,2097152.000,2097152.000,0.000,0.000,true
reduction,cuda_multi_pass,d2h,fp32,4,2097152,512,432,1,10,0.007250,0.006886,0.007794,0.000,4,0.001,0.000,0.000,0.000,0.000,0.000,true
reduction,cuda_atomic_add,cuda_kernel,fp32,4,2097152,1024,2048,1,3,5.062027,5.060192,5.065664,0.003,8388612,1.657,0.414,2097152.000,2097152.000,0.000,0.000,true
reduction,cuda_atomic_add,d2h,fp32,4,2097152,1024,2048,1,10,0.007637,0.007417,0.008164,0.000,4,0.001,0.000,0.000,0.000,0.000,0.000,true
reduction,cuda_block_shared_mem,cuda_kernel,fp32,4,2097152,1024,2048,2048,100,0.029480,0.029248,0.031744,0.000,8396800,284.830,71.138,2097152.000,2097152.000,0.000,0.000,true
reduction,cuda_block_shared_mem,d2h,fp32,4,2097152,1024,2048,2048,10,0.007643,0.007220,0.008155,0.000,8192,1.072,0.000,0.000,0.000,0.000,0.000,true
reduction,cuda_block_shared_mem,cpu_finalize,fp32,4,2097152,1024,2048,2048,50,0.003580,0.003445,0.010104,0.001,8196,2.290,0.572,2097152.000,2097152.000,0.000,0.000,true
reduction,cuda_grid_stride_block_shared,cuda_kernel,fp32,4,2097152,1024,432,432,100,0.013203,0.012896,0.016896,0.000,8390336,635.477,158.837,2097152.000,2097152.000,0.000,0.000,true
reduction,cuda_grid_stride_block_shared,d2h,fp32,4,2097152,1024,432,432,10,0.007601,0.007217,0.008087,0.000,1728,0.227,0.000,0.000,0.000,0.000,0.000,true
reduction,cuda_grid_stride_block_shared,cpu_finalize,fp32,4,2097152,1024,432,432,50,0.000747,0.000745,0.000775,0.000,1732,2.319,0.577,2097152.000,2097152.000,0.000,0.000,true
reduction,cuda_grid_stride_two_pass,cuda_kernel,fp32,4,2097152,1024,432,432,100,0.016726,0.016448,0.020352,0.000,8390336,501.632,125.382,2097152.000,2097152.000,0.000,0.000,true
reduction,cuda_grid_stride_two_pass,d2h,fp32,4,2097152,1024,432,1,10,0.007330,0.006882,0.007751,0.000,4,0.001,0.000,0.000,0.000,0.000,0.000,true
reduction,cuda_multi_pass,cuda_kernel,fp32,4,2097152,1024,432,432,100,0.019068,0.018720,0.022816,0.000,8390336,440.033,109.986,2097152.000,2097152.000,0.000,0.000,true
reduction,cuda_multi_pass,d2h,fp32,4,2097152,1024,432,1,10,0.007610,0.007449,0.008085,0.000,4,0.001,0.000,0.000,0.000,0.000,0.000,true
reduction,cpu_serial,cpu,fp32,4,4194304,0,0,0,10,7.041815,7.013041,7.252964,0.070,16777216,2.383,0.596,4194304.000,4194304.000,0.000,0.000,true
reduction,cpu_omp,cpu,fp32,4,4194304,0,0,0,10,0.406681,0.391827,0.525894,0.040,16777216,41.254,10.314,4194304.000,4194304.000,0.000,0.000,true
reduction,all_gpu_version,h2d,fp32,4,4194304,0,0,0,10,0.680445,0.667529,0.789519,0.036,16777216,24.656,0.000,0.000,0.000,0.000,0.000,true
reduction,cuda_atomic_add,cuda_kernel,fp32,4,4194304,64,65536,1,3,10.120938,10.113664,10.135200,0.010,16777220,1.658,0.414,4194304.000,4194304.000,0.000,0.000,true
reduction,cuda_atomic_add,d2h,fp32,4,4194304,64,65536,1,10,0.007727,0.007385,0.008520,0.000,4,0.001,0.000,0.000,0.000,0.000,0.000,true
reduction,cuda_block_shared_mem,cuda_kernel,fp32,4,4194304,64,65536,65536,100,0.058825,0.058464,0.063520,0.001,17039360,289.660,71.301,4194304.000,4194304.000,0.000,0.000,true
reduction,cuda_block_shared_mem,d2h,fp32,4,4194304,64,65536,65536,10,0.017743,0.017308,0.020203,0.001,262144,14.775,0.000,0.000,0.000,0.000,0.000,true
reduction,cuda_block_shared_mem,cpu_finalize,fp32,4,4194304,64,65536,65536,50,0.109704,0.109531,0.114612,0.001,262148,2.390,0.597,4194304.000,4194304.000,0.000,0.000,true
reduction,cuda_grid_stride_block_shared,cuda_kernel,fp32,4,4194304,64,432,432,100,0.037420,0.037088,0.043200,0.001,16778944,448.397,112.088,4194304.000,4194304.000,0.000,0.000,true
reduction,cuda_grid_stride_block_shared,d2h,fp32,4,4194304,64,432,432,10,0.007447,0.007152,0.007773,0.000,1728,0.232,0.000,0.000,0.000,0.000,0.000,true
reduction,cuda_grid_stride_block_shared,cpu_finalize,fp32,4,4194304,64,432,432,50,0.000747,0.000745,0.000780,0.000,1732,2.319,0.577,4194304.000,4194304.000,0.000,0.000,true
reduction,cuda_grid_stride_two_pass,cuda_kernel,fp32,4,4194304,64,432,432,100,0.040788,0.040480,0.045568,0.001,16778944,411.368,102.831,4194304.000,4194304.000,0.000,0.000,true
reduction,cuda_grid_stride_two_pass,d2h,fp32,4,4194304,64,432,1,10,0.007366,0.007024,0.007760,0.000,4,0.001,0.000,0.000,0.000,0.000,0.000,true
reduction,cuda_multi_pass,cuda_kernel,fp32,4,4194304,64,432,432,100,0.043832,0.043424,0.047744,0.000,16778944,382.804,95.691,4194304.000,4194304.000,0.000,0.000,true
reduction,cuda_multi_pass,d2h,fp32,4,4194304,64,432,1,10,0.009338,0.007278,0.025806,0.005,4,0.000,0.000,0.000,0.000,0.000,0.000,true
reduction,cuda_atomic_add,cuda_kernel,fp32,4,4194304,128,32768,1,3,10.115574,10.113568,10.119232,0.003,16777220,1.659,0.415,4194304.000,4194304.000,0.000,0.000,true
reduction,cuda_atomic_add,d2h,fp32,4,4194304,128,32768,1,10,0.007671,0.007496,0.008378,0.000,4,0.001,0.000,0.000,0.000,0.000,0.000,true
reduction,cuda_block_shared_mem,cuda_kernel,fp32,4,4194304,128,32768,32768,100,0.038156,0.037920,0.040320,0.000,16908288,443.141,109.927,4194304.000,4194304.000,0.000,0.000,true
reduction,cuda_block_shared_mem,d2h,fp32,4,4194304,128,32768,32768,10,0.012051,0.011510,0.013192,0.000,131072,10.877,0.000,0.000,0.000,0.000,0.000,true
reduction,cuda_block_shared_mem,cpu_finalize,fp32,4,4194304,128,32768,32768,50,0.054876,0.054772,0.058486,0.001,131076,2.389,0.597,4194304.000,4194304.000,0.000,0.000,true
reduction,cuda_grid_stride_block_shared,cuda_kernel,fp32,4,4194304,128,432,432,100,0.022296,0.021952,0.033984,0.001,16778944,752.554,188.119,4194304.000,4194304.000,0.000,0.000,true
reduction,cuda_grid_stride_block_shared,d2h,fp32,4,4194304,128,432,432,10,0.007122,0.006792,0.008048,0.000,1728,0.243,0.000,0.000,0.000,0.000,0.000,true
reduction,cuda_grid_stride_block_shared,cpu_finalize,fp32,4,4194304,128,432,432,50,0.000747,0.000745,0.000767,0.000,1732,2.319,0.577,4194304.000,4194304.000,0.000,0.000,true
reduction,cuda_grid_stride_two_pass,cuda_kernel,fp32,4,4194304,128,432,432,100,0.025810,0.025472,0.030752,0.001,16778944,650.105,162.509,4194304.000,4194304.000,0.000,0.000,true
reduction,cuda_grid_stride_two_pass,d2h,fp32,4,4194304,128,432,1,10,0.007534,0.007120,0.008304,0.000,4,0.001,0.000,0.000,0.000,0.000,0.000,true
reduction,cuda_multi_pass,cuda_kernel,fp32,4,4194304,128,432,432,100,0.028647,0.028256,0.032640,0.000,16778944,585.720,146.415,4194304.000,4194304.000,0.000,0.000,true
reduction,cuda_multi_pass,d2h,fp32,4,4194304,128,432,1,10,0.007254,0.006872,0.007967,0.000,4,0.001,0.000,0.000,0.000,0.000,0.000,true
reduction,cuda_atomic_add,cuda_kernel,fp32,4,4194304,256,16384,1,3,10.115797,10.113408,10.119968,0.003,16777220,1.659,0.415,4194304.000,4194304.000,0.000,0.000,true
reduction,cuda_atomic_add,d2h,fp32,4,4194304,256,16384,1,10,0.007667,0.007423,0.008901,0.000,4,0.001,0.000,0.000,0.000,0.000,0.000,true
reduction,cuda_block_shared_mem,cuda_kernel,fp32,4,4194304,256,16384,16384,100,0.037914,0.037632,0.046752,0.001,16842752,444.233,110.626,4194304.000,4194304.000,0.000,0.000,true
reduction,cuda_block_shared_mem,d2h,fp32,4,4194304,256,16384,16384,10,0.010006,0.009525,0.010785,0.000,65536,6.550,0.000,0.000,0.000,0.000,0.000,true
reduction,cuda_block_shared_mem,cpu_finalize,fp32,4,4194304,256,16384,16384,50,0.027491,0.027400,0.031356,0.001,65540,2.384,0.596,4194304.000,4194304.000,0.000,0.000,true
reduction,cuda_grid_stride_block_shared,cuda_kernel,fp32,4,4194304,256,432,432,100,0.015222,0.014880,0.020288,0.001,16778944,1102.300,275.547,4194304.000,4194304.000,0.000,0.000,true
reduction,cuda_grid_stride_block_shared,d2h,fp32,4,4194304,256,432,432,10,0.007385,0.006945,0.007689,0.000,1728,0.234,0.000,0.000,0.000,0.000,0.000,true
reduction,cuda_grid_stride_block_shared,cpu_finalize,fp32,4,4194304,256,432,432,50,0.000747,0.000745,0.000765,0.000,1732,2.320,0.577,4194304.000,4194304.000,0.000,0.000,true
reduction,cuda_grid_stride_two_pass,cuda_kernel,fp32,4,4194304,256,432,432,100,0.018708,0.018432,0.023232,0.000,16778944,896.909,224.204,4194304.000,4194304.000,0.000,0.000,true
reduction,cuda_grid_stride_two_pass,d2h,fp32,4,4194304,256,432,1,10,0.007341,0.006871,0.007634,0.000,4,0.001,0.000,0.000,0.000,0.000,0.000,true
reduction,cuda_multi_pass,cuda_kernel,fp32,4,4194304,256,432,432,100,0.021542,0.021120,0.025984,0.000,16778944,778.903,194.706,4194304.000,4194304.000,0.000,0.000,true
reduction,cuda_multi_pass,d2h,fp32,4,4194304,256,432,1,10,0.007245,0.006834,0.007756,0.000,4,0.001,0.000,0.000,0.000,0.000,0.000,true
reduction,cuda_atomic_add,cuda_kernel,fp32,4,4194304,512,8192,1,3,10.115893,10.113600,10.120032,0.003,16777220,1.659,0.415,4194304.000,4194304.000,0.000,0.000,true
reduction,cuda_atomic_add,d2h,fp32,4,4194304,512,8192,1,10,0.007913,0.007471,0.009036,0.000,4,0.001,0.000,0.000,0.000,0.000,0.000,true
reduction,cuda_block_shared_mem,cuda_kernel,fp32,4,4194304,512,8192,8192,100,0.043336,0.043104,0.045504,0.000,16809984,387.896,96.785,4194304.000,4194304.000,0.000,0.000,true
reduction,cuda_block_shared_mem,d2h,fp32,4,4194304,512,8192,8192,10,0.008595,0.008403,0.009116,0.000,32768,3.812,0.000,0.000,0.000,0.000,0.000,true
reduction,cuda_block_shared_mem,cpu_finalize,fp32,4,4194304,512,8192,8192,50,0.013725,0.013709,0.013727,0.000,32772,2.388,0.597,4194304.000,4194304.000,0.000,0.000,true
reduction,cuda_grid_stride_block_shared,cuda_kernel,fp32,4,4194304,512,432,432,100,0.012962,0.012704,0.017600,0.000,16778944,1294.512,323.595,4194304.000,4194304.000,0.000,0.000,true
reduction,cuda_grid_stride_block_shared,d2h,fp32,4,4194304,512,432,432,10,0.007494,0.006993,0.008181,0.000,1728,0.231,0.000,0.000,0.000,0.000,0.000,true
reduction,cuda_grid_stride_block_shared,cpu_finalize,fp32,4,4194304,512,432,432,50,0.000747,0.000745,0.000765,0.000,1732,2.319,0.577,4194304.000,4194304.000,0.000,0.000,true
reduction,cuda_grid_stride_two_pass,cuda_kernel,fp32,4,4194304,512,432,432,100,0.016604,0.016288,0.020064,0.000,16778944,1010.565,252.615,4194304.000,4194304.000,0.000,0.000,true
reduction,cuda_grid_stride_two_pass,d2h,fp32,4,4194304,512,432,1,10,0.007526,0.006867,0.010315,0.001,4,0.001,0.000,0.000,0.000,0.000,0.000,true
reduction,cuda_multi_pass,cuda_kernel,fp32,4,4194304,512,432,432,100,0.018917,0.018528,0.022304,0.000,16778944,886.986,221.724,4194304.000,4194304.000,0.000,0.000,true
reduction,cuda_multi_pass,d2h,fp32,4,4194304,512,432,1,10,0.007438,0.006908,0.007747,0.000,4,0.001,0.000,0.000,0.000,0.000,0.000,true
reduction,cuda_atomic_add,cuda_kernel,fp32,4,4194304,1024,4096,1,3,10.115456,10.113760,10.118304,0.002,16777220,1.659,0.415,4194304.000,4194304.000,0.000,0.000,true
reduction,cuda_atomic_add,d2h,fp32,4,4194304,1024,4096,1,10,0.007642,0.007394,0.008429,0.000,4,0.001,0.000,0.000,0.000,0.000,0.000,true
reduction,cuda_block_shared_mem,cuda_kernel,fp32,4,4194304,1024,4096,4096,100,0.053050,0.052800,0.055136,0.000,16793600,316.560,79.063,4194304.000,4194304.000,0.000,0.000,true
reduction,cuda_block_shared_mem,d2h,fp32,4,4194304,1024,4096,4096,10,0.008281,0.008124,0.008625,0.000,16384,1.978,0.000,0.000,0.000,0.000,0.000,true
reduction,cuda_block_shared_mem,cpu_finalize,fp32,4,4194304,1024,4096,4096,50,0.006978,0.006865,0.012375,0.001,16388,2.349,0.587,4194304.000,4194304.000,0.000,0.000,true
reduction,cuda_grid_stride_block_shared,cuda_kernel,fp32,4,4194304,1024,432,432,100,0.015705,0.015392,0.019552,0.000,16778944,1068.363,267.063,4194304.000,4194304.000,0.000,0.000,true
reduction,cuda_grid_stride_block_shared,d2h,fp32,4,4194304,1024,432,432,10,0.007597,0.006978,0.007926,0.000,1728,0.227,0.000,0.000,0.000,0.000,0.000,true
reduction,cuda_grid_stride_block_shared,cpu_finalize,fp32,4,4194304,1024,432,432,50,0.000747,0.000745,0.000765,0.000,1732,2.320,0.577,4194304.000,4194304.000,0.000,0.000,true
reduction,cuda_grid_stride_two_pass,cuda_kernel,fp32,4,4194304,1024,432,432,100,0.019101,0.018816,0.022560,0.000,16778944,878.413,219.580,4194304.000,4194304.000,0.000,0.000,true
reduction,cuda_grid_stride_two_pass,d2h,fp32,4,4194304,1024,432,1,10,0.007547,0.007457,0.007719,0.000,4,0.001,0.000,0.000,0.000,0.000,0.000,true
reduction,cuda_multi_pass,cuda_kernel,fp32,4,4194304,1024,432,432,100,0.022272,0.021760,0.035104,0.001,16778944,753.354,188.319,4194304.000,4194304.000,0.000,0.000,true
reduction,cuda_multi_pass,d2h,fp32,4,4194304,1024,432,1,10,0.007302,0.006838,0.007618,0.000,4,0.001,0.000,0.000,0.000,0.000,0.000,true
reduction,cpu_serial,cpu,fp32,4,8388608,0,0,0,10,14.057570,14.033471,14.218309,0.054,33554432,2.387,0.597,8388608.000,8388608.000,0.000,0.000,true
reduction,cpu_omp,cpu,fp32,4,8388608,0,0,0,10,0.800447,0.782400,0.913443,0.039,33554432,41.920,10.480,8388608.000,8388608.000,0.000,0.000,true
reduction,all_gpu_version,h2d,fp32,4,8388608,0,0,0,10,1.339489,1.327390,1.445223,0.035,33554432,25.050,0.000,0.000,0.000,0.000,0.000,true
reduction,cuda_atomic_add,cuda_kernel,fp32,4,8388608,64,131072,1,3,20.224747,20.220287,20.233601,0.006,33554436,1.659,0.415,8388608.000,8388608.000,0.000,0.000,true
reduction,cuda_atomic_add,d2h,fp32,4,8388608,64,131072,1,10,0.007870,0.007612,0.008924,0.000,4,0.001,0.000,0.000,0.000,0.000,0.000,true
reduction,cuda_block_shared_mem,cuda_kernel,fp32,4,8388608,64,131072,131072,100,0.111665,0.111296,0.120160,0.001,34078720,305.186,75.123,8388608.000,8388608.000,0.000,0.000,true
reduction,cuda_block_shared_mem,d2h,fp32,4,8388608,64,131072,131072,10,0.027773,0.026821,0.032506,0.002,524288,18.878,0.000,0.000,0.000,0.000,0.000,true
reduction,cuda_block_shared_mem,cpu_finalize,fp32,4,8388608,64,131072,131072,50,0.219253,0.219022,0.223220,0.001,524292,2.391,0.598,8388608.000,8388608.000,0.000,0.000,true
reduction,cuda_grid_stride_block_shared,cuda_kernel,fp32,4,8388608,64,432,432,100,0.153856,0.151968,0.170144,0.002,33556160,218.101,54.522,8388608.000,8388608.000,0.000,0.000,true
reduction,cuda_grid_stride_block_shared,d2h,fp32,4,8388608,64,432,432,10,0.007537,0.007161,0.007886,0.000,1728,0.229,0.000,0.000,0.000,0.000,0.000,true
reduction,cuda_grid_stride_block_shared,cpu_finalize,fp32,4,8388608,64,432,432,50,0.000747,0.000745,0.000772,0.000,1732,2.319,0.577,8388608.000,8388608.000,0.000,0.000,true
reduction,cuda_grid_stride_two_pass,cuda_kernel,fp32,4,8388608,64,432,432,100,0.157338,0.155872,0.171680,0.002,33556160,213.275,53.316,8388608.000,8388608.000,0.000,0.000,true
reduction,cuda_grid_stride_two_pass,d2h,fp32,4,8388608,64,432,1,10,0.007402,0.006863,0.008762,0.001,4,0.001,0.000,0.000,0.000,0.000,0.000,true
reduction,cuda_multi_pass,cuda_kernel,fp32,4,8388608,64,432,432,100,0.160291,0.158688,0.169376,0.001,33556160,209.345,52.334,8388608.000,8388608.000,0.000,0.000,true
reduction,cuda_multi_pass,d2h,fp32,4,8388608,64,432,1,10,0.007147,0.006851,0.007626,0.000,4,0.001,0.000,0.000,0.000,0.000,0.000,true
reduction,cuda_atomic_add,cuda_kernel,fp32,4,8388608,128,65536,1,3,20.222965,20.220224,20.227455,0.003,33554436,1.659,0.415,8388608.000,8388608.000,0.000,0.000,true
reduction,cuda_atomic_add,d2h,fp32,4,8388608,128,65536,1,10,0.007405,0.006997,0.008795,0.001,4,0.001,0.000,0.000,0.000,0.000,0.000,true
reduction,cuda_block_shared_mem,cuda_kernel,fp32,4,8388608,128,65536,65536,100,0.072806,0.072416,0.076384,0.000,33816576,464.475,115.218,8388608.000,8388608.000,0.000,0.000,true
reduction,cuda_block_shared_mem,d2h,fp32,4,8388608,128,65536,65536,10,0.017487,0.016903,0.020188,0.001,262144,14.991,0.000,0.000,0.000,0.000,0.000,true
reduction,cuda_block_shared_mem,cpu_finalize,fp32,4,8388608,128,65536,65536,50,0.109762,0.109526,0.115702,0.001,262148,2.388,0.597,8388608.000,8388608.000,0.000,0.000,true
reduction,cuda_grid_stride_block_shared,cuda_kernel,fp32,4,8388608,128,432,432,100,0.084433,0.083264,0.095584,0.001,33556160,397.431,99.353,8388608.000,8388608.000,0.000,0.000,true
reduction,cuda_grid_stride_block_shared,d2h,fp32,4,8388608,128,432,432,10,0.007523,0.006977,0.007995,0.000,1728,0.230,0.000,0.000,0.000,0.000,0.000,true
reduction,cuda_grid_stride_block_shared,cpu_finalize,fp32,4,8388608,128,432,432,50,0.000747,0.000746,0.000773,0.000,1732,2.318,0.577,8388608.000,8388608.000,0.000,0.000,true
reduction,cuda_grid_stride_two_pass,cuda_kernel,fp32,4,8388608,128,432,432,100,0.087730,0.086816,0.095328,0.001,33556160,382.494,95.619,8388608.000,8388608.000,0.000,0.000,true
reduction,cuda_grid_stride_two_pass,d2h,fp32,4,8388608,128,432,1,10,0.007438,0.006896,0.007942,0.000,4,0.001,0.000,0.000,0.000,0.000,0.000,true
reduction,cuda_multi_pass,cuda_kernel,fp32,4,8388608,128,432,432,100,0.090594,0.089632,0.097440,0.001,33556160,370.403,92.596,8388608.000,8388608.000,0.000,0.000,true
reduction,cuda_multi_pass,d2h,fp32,4,8388608,128,432,1,10,0.007340,0.007055,0.007900,0.000,4,0.001,0.000,0.000,0.000,0.000,0.000,true
reduction,cuda_atomic_add,cuda_kernel,fp32,4,8388608,256,32768,1,3,20.222495,20.220415,20.226368,0.003,33554436,1.659,0.415,8388608.000,8388608.000,0.000,0.000,true
reduction,cuda_atomic_add,d2h,fp32,4,8388608,256,32768,1,10,0.007734,0.007386,0.008978,0.000,4,0.001,0.000,0.000,0.000,0.000,0.000,true
reduction,cuda_block_shared_mem,cuda_kernel,fp32,4,8388608,256,32768,32768,100,0.074228,0.073952,0.077184,0.000,33685504,453.812,113.012,8388608.000,8388608.000,0.000,0.000,true
reduction,cuda_block_shared_mem,d2h,fp32,4,8388608,256,32768,32768,10,0.012393,0.011891,0.013651,0.000,131072,10.576,0.000,0.000,0.000,0.000,0.000,true
reduction,cuda_block_shared_mem,cpu_finalize,fp32,4,8388608,256,32768,32768,50,0.054782,0.054770,0.054803,0.000,131076,2.393,0.598,8388608.000,8388608.000,0.000,0.000,true
reduction,cuda_grid_stride_block_shared,cuda_kernel,fp32,4,8388608,256,432,432,100,0.049430,0.048288,0.059552,0.001,33556160,678.866,169.708,8388608.000,8388608.000,0.000,0.000,true
reduction,cuda_grid_stride_block_shared,d2h,fp32,4,8388608,256,432,432,10,0.007348,0.006968,0.007876,0.000,1728,0.235,0.000,0.000,0.000,0.000,0.000,true
reduction,cuda_grid_stride_block_shared,cpu_finalize,fp32,4,8388608,256,432,432,50,0.000747,0.000745,0.000771,0.000,1732,2.319,0.577,8388608.000,8388608.000,0.000,0.000,true
reduction,cuda_grid_stride_two_pass,cuda_kernel,fp32,4,8388608,256,432,432,100,0.053421,0.052512,0.060064,0.001,33556160,628.140,157.027,8388608.000,8388608.000,0.000,0.000,true
reduction,cuda_grid_stride_two_pass,d2h,fp32,4,8388608,256,432,1,10,0.007238,0.006844,0.007607,0.000,4,0.001,0.000,0.000,0.000,0.000,0.000,true
reduction,cuda_multi_pass,cuda_kernel,fp32,4,8388608,256,432,432,100,0.056059,0.054816,0.062432,0.001,33556160,598.588,149.639,8388608.000,8388608.000,0.000,0.000,true
reduction,cuda_multi_pass,d2h,fp32,4,8388608,256,432,1,10,0.007381,0.006901,0.007704,0.000,4,0.001,0.000,0.000,0.000,0.000,0.000,true
reduction,cuda_atomic_add,cuda_kernel,fp32,4,8388608,512,16384,1,3,20.222399,20.220415,20.226208,0.003,33554436,1.659,0.415,8388608.000,8388608.000,0.000,0.000,true
reduction,cuda_atomic_add,d2h,fp32,4,8388608,512,16384,1,10,0.007695,0.007418,0.008701,0.000,4,0.001,0.000,0.000,0.000,0.000,0.000,true
reduction,cuda_block_shared_mem,cuda_kernel,fp32,4,8388608,512,16384,16384,100,0.085610,0.085184,0.096096,0.001,33619968,392.711,97.986,8388608.000,8388608.000,0.000,0.000,true
reduction,cuda_block_shared_mem,d2h,fp32,4,8388608,512,16384,16384,10,0.009923,0.009504,0.010637,0.000,65536,6.604,0.000,0.000,0.000,0.000,0.000,true
reduction,cuda_block_shared_mem,cpu_finalize,fp32,4,8388608,512,16384,16384,50,0.027403,0.027399,0.027436,0.000,65540,2.392,0.598,8388608.000,8388608.000,0.000,0.000,true
reduction,cuda_grid_stride_block_shared,cuda_kernel,fp32,4,8388608,512,432,432,100,0.032992,0.031808,0.043392,0.001,33556160,1017.100,254.262,8388608.000,8388608.000,0.000,0.000,true
reduction,cuda_grid_stride_block_shared,d2h,fp32,4,8388608,512,432,432,10,0.007383,0.006993,0.007809,0.000,1728,0.234,0.000,0.000,0.000,0.000,0.000,true
reduction,cuda_grid_stride_block_shared,cpu_finalize,fp32,4,8388608,512,432,432,50,0.000747,0.000746,0.000770,0.000,1732,2.318,0.577,8388608.000,8388608.000,0.000,0.000,true
reduction,cuda_grid_stride_two_pass,cuda_kernel,fp32,4,8388608,512,432,432,100,0.036723,0.035616,0.043680,0.001,33556160,913.759,228.428,8388608.000,8388608.000,0.000,0.000,true
reduction,cuda_grid_stride_two_pass,d2h,fp32,4,8388608,512,432,1,10,0.007542,0.007397,0.007907,0.000,4,0.001,0.000,0.000,0.000,0.000,0.000,true
reduction,cuda_multi_pass,cuda_kernel,fp32,4,8388608,512,432,432,100,0.039188,0.038144,0.045728,0.001,33556160,856.290,214.061,8388608.000,8388608.000,0.000,0.000,true
reduction,cuda_multi_pass,d2h,fp32,4,8388608,512,432,1,10,0.007402,0.006862,0.008319,0.000,4,0.001,0.000,0.000,0.000,0.000,0.000,true
reduction,cuda_atomic_add,cuda_kernel,fp32,4,8388608,1024,8192,1,3,20.222539,20.220127,20.226656,0.003,33554436,1.659,0.415,8388608.000,8388608.000,0.000,0.000,true
reduction,cuda_atomic_add,d2h,fp32,4,8388608,1024,8192,1,10,0.007670,0.007161,0.008515,0.000,4,0.001,0.000,0.000,0.000,0.000,0.000,true
reduction,cuda_block_shared_mem,cuda_kernel,fp32,4,8388608,1024,8192,8192,100,0.106682,0.106336,0.108960,0.000,33587200,314.836,78.632,8388608.000,8388608.000,0.000,0.000,true
reduction,cuda_block_shared_mem,d2h,fp32,4,8388608,1024,8192,8192,10,0.008618,0.008065,0.009115,0.000,32768,3.802,0.000,0.000,0.000,0.000,0.000,true
reduction,cuda_block_shared_mem,cpu_finalize,fp32,4,8388608,1024,8192,8192,50,0.013712,0.013709,0.013738,0.000,32772,2.390,0.597,8388608.000,8388608.000,0.000,0.000,true
reduction,cuda_grid_stride_block_shared,cuda_kernel,fp32,4,8388608,1024,432,432,100,0.034332,0.033632,0.046432,0.001,33556160,977.406,244.339,8388608.000,8388608.000,0.000,0.000,true
reduction,cuda_grid_stride_block_shared,d2h,fp32,4,8388608,1024,432,432,10,0.007474,0.007142,0.008195,0.000,1728,0.231,0.000,0.000,0.000,0.000,0.000,true
reduction,cuda_grid_stride_block_shared,cpu_finalize,fp32,4,8388608,1024,432,432,50,0.000747,0.000745,0.000772,0.000,1732,2.319,0.577,8388608.000,8388608.000,0.000,0.000,true
reduction,cuda_grid_stride_two_pass,cuda_kernel,fp32,4,8388608,1024,432,432,100,0.038150,0.037152,0.047488,0.001,33556160,879.590,219.886,8388608.000,8388608.000,0.000,0.000,true
reduction,cuda_grid_stride_two_pass,d2h,fp32,4,8388608,1024,432,1,10,0.007374,0.006879,0.007824,0.000,4,0.001,0.000,0.000,0.000,0.000,0.000,true
reduction,cuda_multi_pass,cuda_kernel,fp32,4,8388608,1024,432,432,100,0.041166,0.039968,0.049536,0.001,33556160,815.147,203.776,8388608.000,8388608.000,0.000,0.000,true
reduction,cuda_multi_pass,d2h,fp32,4,8388608,1024,432,1,10,0.007348,0.006925,0.007760,0.000,4,0.001,0.000,0.000,0.000,0.000,0.000,true
reduction,cpu_serial,cpu,fp32,4,16777216,0,0,0,10,28.190366,28.146570,28.287476,0.043,67108864,2.381,0.595,16777216.000,16777216.000,0.000,0.000,true
reduction,cpu_omp,cpu,fp32,4,16777216,0,0,0,10,1.596184,1.567749,1.766306,0.058,67108864,42.043,10.511,16777216.000,16777216.000,0.000,0.000,true
reduction,all_gpu_version,h2d,fp32,4,16777216,0,0,0,10,2.649569,2.647354,2.664697,0.005,67108864,25.328,0.000,0.000,0.000,0.000,0.000,true
reduction,cuda_atomic_add,cuda_kernel,fp32,4,16777216,64,262144,1,3,40.442581,40.436226,40.454720,0.009,67108868,1.659,0.415,16777216.000,16777216.000,0.000,0.000,true
reduction,cuda_atomic_add,d2h,fp32,4,16777216,64,262144,1,10,0.007729,0.007438,0.009245,0.001,4,0.001,0.000,0.000,0.000,0.000,0.000,true
reduction,cuda_block_shared_mem,cuda_kernel,fp32,4,16777216,64,262144,262144,100,0.216959,0.216704,0.221248,0.001,68157440,314.149,77.329,16777216.000,16777216.000,0.000,0.000,true
reduction,cuda_block_shared_mem,d2h,fp32,4,16777216,64,262144,262144,10,0.048130,0.046978,0.055405,0.002,1048576,21.786,0.000,0.000,0.000,0.000,0.000,true
reduction,cuda_block_shared_mem,cpu_finalize,fp32,4,16777216,64,262144,262144,50,0.438544,0.437981,0.444866,0.001,1048580,2.391,0.598,16777216.000,16777216.000,0.000,0.000,true
reduction,cuda_grid_stride_block_shared,cuda_kernel,fp32,4,16777216,64,432,432,100,0.314681,0.312864,0.323744,0.001,67110592,213.265,53.315,16777216.000,16777216.000,0.000,0.000,true
reduction,cuda_grid_stride_block_shared,d2h,fp32,4,16777216,64,432,432,10,0.007427,0.006970,0.007715,0.000,1728,0.233,0.000,0.000,0.000,0.000,0.000,true
reduction,cuda_grid_stride_block_shared,cpu_finalize,fp32,4,16777216,64,432,432,50,0.000747,0.000745,0.000776,0.000,1732,2.319,0.577,16777216.000,16777216.000,0.000,0.000,true
reduction,cuda_grid_stride_two_pass,cuda_kernel,fp32,4,16777216,64,432,432,100,0.318691,0.316992,0.326752,0.001,67110592,210.582,52.644,16777216.000,16777216.000,0.000,0.000,true
reduction,cuda_grid_stride_two_pass,d2h,fp32,4,16777216,64,432,1,10,0.007336,0.006898,0.007771,0.000,4,0.001,0.000,0.000,0.000,0.000,0.000,true
reduction,cuda_multi_pass,cuda_kernel,fp32,4,16777216,64,432,432,100,0.321629,0.319584,0.328480,0.001,67110592,208.659,52.163,16777216.000,16777216.000,0.000,0.000,true
reduction,cuda_multi_pass,d2h,fp32,4,16777216,64,432,1,10,0.007214,0.006868,0.007836,0.000,4,0.001,0.000,0.000,0.000,0.000,0.000,true
reduction,cuda_atomic_add,cuda_kernel,fp32,4,16777216,128,131072,1,3,40.446922,40.444927,40.450401,0.002,67108868,1.659,0.415,16777216.000,16777216.000,0.000,0.000,true
reduction,cuda_atomic_add,d2h,fp32,4,16777216,128,131072,1,10,0.007886,0.007544,0.009945,0.001,4,0.001,0.000,0.000,0.000,0.000,0.000,true
reduction,cuda_block_shared_mem,cuda_kernel,fp32,4,16777216,128,131072,131072,100,0.139023,0.138688,0.143904,0.001,67633152,486.490,120.680,16777216.000,16777216.000,0.000,0.000,true
reduction,cuda_block_shared_mem,d2h,fp32,4,16777216,128,131072,131072,10,0.027703,0.026865,0.032482,0.002,524288,18.925,0.000,0.000,0.000,0.000,0.000,true
reduction,cuda_block_shared_mem,cpu_finalize,fp32,4,16777216,128,131072,131072,50,0.219305,0.219015,0.223672,0.001,524292,2.391,0.598,16777216.000,16777216.000,0.000,0.000,true
reduction,cuda_grid_stride_block_shared,cuda_kernel,fp32,4,16777216,128,432,432,100,0.169781,0.168256,0.179712,0.001,67110592,395.278,98.817,16777216.000,16777216.000,0.000,0.000,true
reduction,cuda_grid_stride_block_shared,d2h,fp32,4,16777216,128,432,432,10,0.007430,0.006985,0.007980,0.000,1728,0.233,0.000,0.000,0.000,0.000,0.000,true
reduction,cuda_grid_stride_block_shared,cpu_finalize,fp32,4,16777216,128,432,432,50,0.000747,0.000745,0.000777,0.000,1732,2.317,0.577,16777216.000,16777216.000,0.000,0.000,true
reduction,cuda_grid_stride_two_pass,cuda_kernel,fp32,4,16777216,128,432,432,100,0.173894,0.172256,0.181760,0.001,67110592,385.927,96.479,16777216.000,16777216.000,0.000,0.000,true
reduction,cuda_grid_stride_two_pass,d2h,fp32,4,16777216,128,432,1,10,0.007267,0.006882,0.007911,0.000,4,0.001,0.000,0.000,0.000,0.000,0.000,true
reduction,cuda_multi_pass,cuda_kernel,fp32,4,16777216,128,432,432,100,0.176746,0.175168,0.182528,0.001,67110592,379.701,94.923,16777216.000,16777216.000,0.000,0.000,true
reduction,cuda_multi_pass,d2h,fp32,4,16777216,128,432,1,10,0.007348,0.007081,0.007986,0.000,4,0.001,0.000,0.000,0.000,0.000,0.000,true
reduction,cuda_atomic_add,cuda_kernel,fp32,4,16777216,256,65536,1,3,40.436853,40.434784,40.440319,0.002,67108868,1.660,0.415,16777216.000,16777216.000,0.000,0.000,true
reduction,cuda_atomic_add,d2h,fp32,4,16777216,256,65536,1,10,0.007785,0.007502,0.008956,0.000,4,0.001,0.000,0.000,0.000,0.000,0.000,true
reduction,cuda_block_shared_mem,cuda_kernel,fp32,4,16777216,256,65536,65536,100,0.141961,0.141664,0.145184,0.000,67371008,474.575,118.182,16777216.000,16777216.000,0.000,0.000,true
reduction,cuda_block_shared_mem,d2h,fp32,4,16777216,256,65536,65536,10,0.017836,0.017193,0.020662,0.001,262144,14.697,0.000,0.000,0.000,0.000,0.000,true
reduction,cuda_block_shared_mem,cpu_finalize,fp32,4,16777216,256,65536,65536,50,0.109722,0.109516,0.113835,0.001,262148,2.389,0.597,16777216.000,16777216.000,0.000,0.000,true
reduction,cuda_grid_stride_block_shared,cuda_kernel,fp32,4,16777216,256,432,432,100,0.097640,0.096352,0.107968,0.001,67110592,687.329,171.828,16777216.000,16777216.000,0.000,0.000,true
reduction,cuda_grid_stride_block_shared,d2h,fp32,4,16777216,256,432,432,10,0.007486,0.006974,0.007839,0.000,1728,0.231,0.000,0.000,0.000,0.000,0.000,true
reduction,cuda_grid_stride_block_shared,cpu_finalize,fp32,4,16777216,256,432,432,50,0.000747,0.000745,0.000775,0.000,1732,2.319,0.577,16777216.000,16777216.000,0.000,0.000,true
reduction,cuda_grid_stride_two_pass,cuda_kernel,fp32,4,16777216,256,432,432,100,0.101712,0.100192,0.109952,0.001,67110592,659.808,164.948,16777216.000,16777216.000,0.000,0.000,true
reduction,cuda_grid_stride_two_pass,d2h,fp32,4,16777216,256,432,1,10,0.007933,0.006648,0.008604,0.001,4,0.001,0.000,0.000,0.000,0.000,0.000,true
reduction,cuda_multi_pass,cuda_kernel,fp32,4,16777216,256,432,432,100,0.104864,0.103296,0.118144,0.001,67110592,639.979,159.991,16777216.000,16777216.000,0.000,0.000,true
reduction,cuda_multi_pass,d2h,fp32,4,16777216,256,432,1,10,0.007156,0.006557,0.007844,0.000,4,0.001,0.000,0.000,0.000,0.000,0.000,true
reduction,cuda_atomic_add,cuda_kernel,fp32,4,16777216,512,32768,1,3,40.439903,40.435711,40.447456,0.005,67108868,1.659,0.415,16777216.000,16777216.000,0.000,0.000,true
reduction,cuda_atomic_add,d2h,fp32,4,16777216,512,32768,1,10,0.007820,0.007410,0.009433,0.001,4,0.001,0.000,0.000,0.000,0.000,0.000,true
reduction,cuda_block_shared_mem,cuda_kernel,fp32,4,16777216,512,32768,32768,100,0.164652,0.164416,0.168448,0.000,67239936,408.376,101.895,16777216.000,16777216.000,0.000,0.000,true
reduction,cuda_block_shared_mem,d2h,fp32,4,16777216,512,32768,32768,10,0.012562,0.012078,0.013814,0.001,131072,10.434,0.000,0.000,0.000,0.000,0.000,true
reduction,cuda_block_shared_mem,cpu_finalize,fp32,4,16777216,512,32768,32768,50,0.054855,0.054770,0.058946,0.001,131076,2.389,0.597,16777216.000,16777216.000,0.000,0.000,true
reduction,cuda_grid_stride_block_shared,cuda_kernel,fp32,4,16777216,512,432,432,100,0.067061,0.065376,0.076448,0.001,67110592,1000.742,250.179,16777216.000,16777216.000,0.000,0.000,true
reduction,cuda_grid_stride_block_shared,d2h,fp32,4,16777216,512,432,432,10,0.007487,0.006945,0.007846,0.000,1728,0.231,0.000,0.000,0.000,0.000,0.000,true
reduction,cuda_grid_stride_block_shared,cpu_finalize,fp32,4,16777216,512,432,432,50,0.000747,0.000746,0.000776,0.000,1732,2.318,0.577,16777216.000,16777216.000,0.000,0.000,true
reduction,cuda_grid_stride_two_pass,cuda_kernel,fp32,4,16777216,512,432,432,100,0.070857,0.069408,0.078080,0.001,67110592,947.123,236.775,16777216.000,16777216.000,0.000,0.000,true
reduction,cuda_grid_stride_two_pass,d2h,fp32,4,16777216,512,432,1,10,0.007444,0.007269,0.007688,0.000,4,0.001,0.000,0.000,0.000,0.000,0.000,true
reduction,cuda_multi_pass,cuda_kernel,fp32,4,16777216,512,432,432,100,0.074272,0.072640,0.081792,0.001,67110592,903.583,225.890,16777216.000,16777216.000,0.000,0.000,true
reduction,cuda_multi_pass,d2h,fp32,4,16777216,512,432,1,10,0.007328,0.006858,0.007748,0.000,4,0.001,0.000,0.000,0.000,0.000,0.000,true
reduction,cuda_atomic_add,cuda_kernel,fp32,4,16777216,1024,16384,1,3,40.437729,40.436161,40.440289,0.002,67108868,1.660,0.415,16777216.000,16777216.000,0.000,0.000,true
reduction,cuda_atomic_add,d2h,fp32,4,16777216,1024,16384,1,10,0.007826,0.007476,0.009198,0.000,4,0.001,0.000,0.000,0.000,0.000,0.000,true
reduction,cuda_block_shared_mem,cuda_kernel,fp32,4,16777216,1024,16384,16384,100,0.207107,0.206720,0.211456,0.000,67174400,324.347,81.008,16777216.000,16777216.000,0.000,0.000,true
reduction,cuda_block_shared_mem,d2h,fp32,4,16777216,1024,16384,16384,10,0.009931,0.009668,0.010625,0.000,65536,6.599,0.000,0.000,0.000,0.000,0.000,true
reduction,cuda_block_shared_mem,cpu_finalize,fp32,4,16777216,1024,16384,16384,50,0.027401,0.027399,0.027430,0.000,65540,2.392,0.598,16777216.000,16777216.000,0.000,0.000,true
reduction,cuda_grid_stride_block_shared,cuda_kernel,fp32,4,16777216,1024,432,432,100,0.067802,0.066976,0.075296,0.001,67110592,989.808,247.446,16777216.000,16777216.000,0.000,0.000,true
reduction,cuda_grid_stride_block_shared,d2h,fp32,4,16777216,1024,432,432,10,0.007525,0.007191,0.007788,0.000,1728,0.230,0.000,0.000,0.000,0.000,0.000,true
reduction,cuda_grid_stride_block_shared,cpu_finalize,fp32,4,16777216,1024,432,432,50,0.000747,0.000746,0.000780,0.000,1732,2.318,0.577,16777216.000,16777216.000,0.000,0.000,true
reduction,cuda_grid_stride_two_pass,cuda_kernel,fp32,4,16777216,1024,432,432,100,0.072272,0.071232,0.078976,0.001,67110592,928.579,232.139,16777216.000,16777216.000,0.000,0.000,true
reduction,cuda_grid_stride_two_pass,d2h,fp32,4,16777216,1024,432,1,10,0.007428,0.007256,0.007755,0.000,4,0.001,0.000,0.000,0.000,0.000,0.000,true
reduction,cuda_multi_pass,cuda_kernel,fp32,4,16777216,1024,432,432,100,0.074774,0.073760,0.082368,0.001,67110592,897.511,224.372,16777216.000,16777216.000,0.000,0.000,true
reduction,cuda_multi_pass,d2h,fp32,4,16777216,1024,432,1,10,0.007356,0.006937,0.007676,0.000,4,0.001,0.000,0.000,0.000,0.000,0.000,true
reduction,cpu_serial,cpu,fp32,4,33554432,0,0,0,10,56.455949,56.421321,56.510207,0.026,134217728,2.377,0.594,16777216.000,33554432.000,0.000,0.000,true
reduction,cpu_omp,cpu,fp32,4,33554432,0,0,0,10,3.169717,3.136641,3.296450,0.046,134217728,42.344,10.586,33554432.000,33554432.000,0.000,0.000,true
reduction,all_gpu_version,h2d,fp32,4,33554432,0,0,0,10,5.288681,5.287551,5.294454,0.002,134217728,25.378,0.000,0.000,0.000,0.000,0.000,true
reduction,cuda_atomic_add,cuda_kernel,fp32,4,33554432,64,524288,1,3,80.891668,80.889473,80.894493,0.002,134217732,1.659,0.415,16777216.000,33554432.000,16777216.000,0.500,false
reduction,cuda_atomic_add,d2h,fp32,4,33554432,64,524288,1,10,0.007883,0.007450,0.009194,0.000,4,0.001,0.000,0.000,0.000,0.000,0.000,true
reduction,cuda_block_shared_mem,cuda_kernel,fp32,4,33554432,64,524288,524288,100,0.427523,0.427200,0.435424,0.001,136314880,318.848,78.486,33554432.000,33554432.000,0.000,0.000,true
reduction,cuda_block_shared_mem,d2h,fp32,4,33554432,64,524288,524288,10,0.087899,0.086643,0.096714,0.003,2097152,23.859,0.000,0.000,0.000,0.000,0.000,true
reduction,cuda_block_shared_mem,cpu_finalize,fp32,4,33554432,64,524288,524288,50,0.877030,0.875990,0.881816,0.002,2097156,2.391,0.598,33554432.000,33554432.000,0.000,0.000,true
reduction,cuda_grid_stride_block_shared,cuda_kernel,fp32,4,33554432,64,432,432,100,0.622107,0.619456,0.633440,0.002,134219456,215.750,53.937,33554432.000,33554432.000,0.000,0.000,true
reduction,cuda_grid_stride_block_shared,d2h,fp32,4,33554432,64,432,432,10,0.007504,0.007195,0.007760,0.000,1728,0.230,0.000,0.000,0.000,0.000,0.000,true
reduction,cuda_grid_stride_block_shared,cpu_finalize,fp32,4,33554432,64,432,432,50,0.000747,0.000746,0.000763,0.000,1732,2.318,0.577,33554432.000,33554432.000,0.000,0.000,true
reduction,cuda_grid_stride_two_pass,cuda_kernel,fp32,4,33554432,64,432,432,100,0.626282,0.623360,0.633504,0.001,134219456,214.312,53.577,33554432.000,33554432.000,0.000,0.000,true
reduction,cuda_grid_stride_two_pass,d2h,fp32,4,33554432,64,432,1,10,0.007563,0.007383,0.007786,0.000,4,0.001,0.000,0.000,0.000,0.000,0.000,true
reduction,cuda_multi_pass,cuda_kernel,fp32,4,33554432,64,432,432,100,0.629590,0.626848,0.637280,0.001,134219456,213.185,53.296,33554432.000,33554432.000,0.000,0.000,true
reduction,cuda_multi_pass,d2h,fp32,4,33554432,64,432,1,10,0.007309,0.006840,0.007844,0.000,4,0.001,0.000,0.000,0.000,0.000,0.000,true
reduction,cuda_atomic_add,cuda_kernel,fp32,4,33554432,128,262144,1,3,80.903554,80.893219,80.908867,0.007,134217732,1.659,0.415,16777216.000,33554432.000,16777216.000,0.500,false
reduction,cuda_atomic_add,d2h,fp32,4,33554432,128,262144,1,10,0.007847,0.007509,0.009177,0.000,4,0.001,0.000,0.000,0.000,0.000,0.000,true
reduction,cuda_block_shared_mem,cuda_kernel,fp32,4,33554432,128,262144,262144,100,0.271023,0.270464,0.274464,0.000,135266304,499.095,123.806,33554432.000,33554432.000,0.000,0.000,true
reduction,cuda_block_shared_mem,d2h,fp32,4,33554432,128,262144,262144,10,0.048111,0.046988,0.055740,0.003,1048576,21.795,0.000,0.000,0.000,0.000,0.000,true
reduction,cuda_block_shared_mem,cpu_finalize,fp32,4,33554432,128,262144,262144,50,0.438916,0.437995,0.467455,0.004,1048580,2.389,0.597,33554432.000,33554432.000,0.000,0.000,true
reduction,cuda_grid_stride_block_shared,cuda_kernel,fp32,4,33554432,128,432,432,100,0.333239,0.330848,0.343168,0.001,134219456,402.773,100.692,33554432.000,33554432.000,0.000,0.000,true
reduction,cuda_grid_stride_block_shared,d2h,fp32,4,33554432,128,432,432,10,0.007660,0.006658,0.008320,0.001,1728,0.226,0.000,0.000,0.000,0.000,0.000,true
reduction,cuda_grid_stride_block_shared,cpu_finalize,fp32,4,33554432,128,432,432,50,0.000747,0.000745,0.000764,0.000,1732,2.320,0.577,33554432.000,33554432.000,0.000,0.000,true
reduction,cuda_grid_stride_two_pass,cuda_kernel,fp32,4,33554432,128,432,432,100,0.337809,0.334912,0.349824,0.002,134219456,397.324,99.330,33554432.000,33554432.000,0.000,0.000,true
reduction,cuda_grid_stride_two_pass,d2h,fp32,4,33554432,128,432,1,10,0.007406,0.006872,0.008527,0.000,4,0.001,0.000,0.000,0.000,0.000,0.000,true
reduction,cuda_multi_pass,cuda_kernel,fp32,4,33554432,128,432,432,100,0.340677,0.337472,0.354592,0.002,134219456,393.979,98.493,33554432.000,33554432.000,0.000,0.000,true
reduction,cuda_multi_pass,d2h,fp32,4,33554432,128,432,1,10,0.007338,0.006896,0.008328,0.000,4,0.001,0.000,0.000,0.000,0.000,0.000,true
reduction,cuda_atomic_add,cuda_kernel,fp32,4,33554432,256,131072,1,3,80.883509,80.880447,80.885986,0.002,134217732,1.659,0.415,16777216.000,33554432.000,16777216.000,0.500,false
reduction,cuda_atomic_add,d2h,fp32,4,33554432,256,131072,1,10,0.007955,0.007644,0.009702,0.001,4,0.001,0.000,0.000,0.000,0.000,0.000,true
reduction,cuda_block_shared_mem,cuda_kernel,fp32,4,33554432,256,131072,131072,100,0.276785,0.276416,0.280512,0.000,134742016,486.812,121.229,33554432.000,33554432.000,0.000,0.000,true
reduction,cuda_block_shared_mem,d2h,fp32,4,33554432,256,131072,131072,10,0.027799,0.026981,0.032544,0.002,524288,18.860,0.000,0.000,0.000,0.000,0.000,true
reduction,cuda_block_shared_mem,cpu_finalize,fp32,4,33554432,256,131072,131072,50,0.219314,0.219006,0.224642,0.001,524292,2.391,0.598,33554432.000,33554432.000,0.000,0.000,true
reduction,cuda_grid_stride_block_shared,cuda_kernel,fp32,4,33554432,256,432,432,100,0.189290,0.186368,0.197472,0.001,134219456,709.069,177.265,33554432.000,33554432.000,0.000,0.000,true
reduction,cuda_grid_stride_block_shared,d2h,fp32,4,33554432,256,432,432,10,0.007371,0.006965,0.007690,0.000,1728,0.234,0.000,0.000,0.000,0.000,0.000,true
reduction,cuda_grid_stride_block_shared,cpu_finalize,fp32,4,33554432,256,432,432,50,0.000747,0.000746,0.000763,0.000,1732,2.319,0.577,33554432.000,33554432.000,0.000,0.000,true
reduction,cuda_grid_stride_two_pass,cuda_kernel,fp32,4,33554432,256,432,432,100,0.193374,0.191296,0.200608,0.001,134219456,694.091,173.521,33554432.000,33554432.000,0.000,0.000,true
reduction,cuda_grid_stride_two_pass,d2h,fp32,4,33554432,256,432,1,10,0.007316,0.006593,0.008625,0.001,4,0.001,0.000,0.000,0.000,0.000,0.000,true
reduction,cuda_multi_pass,cuda_kernel,fp32,4,33554432,256,432,432,100,0.196549,0.194016,0.204672,0.001,134219456,682.881,170.718,33554432.000,33554432.000,0.000,0.000,true
reduction,cuda_multi_pass,d2h,fp32,4,33554432,256,432,1,10,0.007238,0.006834,0.007692,0.000,4,0.001,0.000,0.000,0.000,0.000,0.000,true
reduction,cuda_atomic_add,cuda_kernel,fp32,4,33554432,512,65536,1,3,80.896042,80.886818,80.901886,0.007,134217732,1.659,0.415,16777216.000,33554432.000,16777216.000,0.500,false
reduction,cuda_atomic_add,d2h,fp32,4,33554432,512,65536,1,10,0.007879,0.007612,0.009021,0.000,4,0.001,0.000,0.000,0.000,0.000,0.000,true
reduction,cuda_block_shared_mem,cuda_kernel,fp32,4,33554432,512,65536,65536,100,0.322233,0.321824,0.325856,0.000,134479872,417.337,104.131,33554432.000,33554432.000,0.000,0.000,true
reduction,cuda_block_shared_mem,d2h,fp32,4,33554432,512,65536,65536,10,0.017538,0.016815,0.020102,0.001,262144,14.947,0.000,0.000,0.000,0.000,0.000,true
reduction,cuda_block_shared_mem,cpu_finalize,fp32,4,33554432,512,65536,65536,50,0.109614,0.109530,0.113587,0.001,262148,2.392,0.598,33554432.000,33554432.000,0.000,0.000,true
reduction,cuda_grid_stride_block_shared,cuda_kernel,fp32,4,33554432,512,432,432,100,0.127272,0.125728,0.135936,0.001,134219456,1054.590,263.644,33554432.000,33554432.000,0.000,0.000,true
reduction,cuda_grid_stride_block_shared,d2h,fp32,4,33554432,512,432,432,10,0.007413,0.007180,0.007699,0.000,1728,0.233,0.000,0.000,0.000,0.000,0.000,true
reduction,cuda_grid_stride_block_shared,cpu_finalize,fp32,4,33554432,512,432,432,50,0.000747,0.000746,0.000766,0.000,1732,2.318,0.577,33554432.000,33554432.000,0.000,0.000,true
reduction,cuda_grid_stride_two_pass,cuda_kernel,fp32,4,33554432,512,432,432,100,0.131649,0.129600,0.138272,0.001,134219456,1019.525,254.878,33554432.000,33554432.000,0.000,0.000,true
reduction,cuda_grid_stride_two_pass,d2h,fp32,4,33554432,512,432,1,10,0.007424,0.006957,0.007780,0.000,4,0.001,0.000,0.000,0.000,0.000,0.000,true
reduction,cuda_multi_pass,cuda_kernel,fp32,4,33554432,512,432,432,100,0.134382,0.132608,0.147968,0.002,134219456,998.792,249.695,33554432.000,33554432.000,0.000,0.000,true
reduction,cuda_multi_pass,d2h,fp32,4,33554432,512,432,1,10,0.007248,0.006881,0.007824,0.000,4,0.001,0.000,0.000,0.000,0.000,0.000,true
reduction,cuda_atomic_add,cuda_kernel,fp32,4,33554432,1024,32768,1,3,80.899724,80.893089,80.904449,0.005,134217732,1.659,0.415,16777216.000,33554432.000,16777216.000,0.500,false
reduction,cuda_atomic_add,d2h,fp32,4,33554432,1024,32768,1,10,0.007812,0.007475,0.009663,0.001,4,0.001,0.000,0.000,0.000,0.000,0.000,true
reduction,cuda_block_shared_mem,cuda_kernel,fp32,4,33554432,1024,32768,32768,100,0.406718,0.406240,0.410208,0.000,134348800,330.324,82.501,33554432.000,33554432.000,0.000,0.000,true
reduction,cuda_block_shared_mem,d2h,fp32,4,33554432,1024,32768,32768,10,0.012454,0.011877,0.013965,0.001,131072,10.525,0.000,0.000,0.000,0.000,0.000,true
reduction,cuda_block_shared_mem,cpu_finalize,fp32,4,33554432,1024,32768,32768,50,0.054781,0.054770,0.054798,0.000,131076,2.393,0.598,33554432.000,33554432.000,0.000,0.000,true
reduction,cuda_grid_stride_block_shared,cuda_kernel,fp32,4,33554432,1024,432,432,100,0.127648,0.126080,0.135200,0.001,134219456,1051.484,262.868,33554432.000,33554432.000,0.000,0.000,true
reduction,cuda_grid_stride_block_shared,d2h,fp32,4,33554432,1024,432,432,10,0.007518,0.007095,0.008508,0.000,1728,0.230,0.000,0.000,0.000,0.000,0.000,true
reduction,cuda_grid_stride_block_shared,cpu_finalize,fp32,4,33554432,1024,432,432,50,0.000747,0.000745,0.000765,0.000,1732,2.320,0.577,33554432.000,33554432.000,0.000,0.000,true
reduction,cuda_grid_stride_two_pass,cuda_kernel,fp32,4,33554432,1024,432,432,100,0.131620,0.129856,0.139808,0.001,134219456,1019.748,254.934,33554432.000,33554432.000,0.000,0.000,true
reduction,cuda_grid_stride_two_pass,d2h,fp32,4,33554432,1024,432,1,10,0.007410,0.006861,0.008096,0.000,4,0.001,0.000,0.000,0.000,0.000,0.000,true
reduction,cuda_multi_pass,cuda_kernel,fp32,4,33554432,1024,432,432,100,0.134893,0.133184,0.143360,0.001,134219456,995.008,248.749,33554432.000,33554432.000,0.000,0.000,true
reduction,cuda_multi_pass,d2h,fp32,4,33554432,1024,432,1,10,0.007424,0.007180,0.007957,0.000,4,0.001,0.000,0.000,0.000,0.000,0.000,true
reduction,cpu_serial,cpu,fp32,4,67108864,0,0,0,10,112.992634,112.937355,113.100853,0.051,268435456,2.376,0.594,16777216.000,67108864.000,0.000,0.000,true
reduction,cpu_omp,cpu,fp32,4,67108864,0,0,0,10,6.319083,6.285960,6.452666,0.047,268435456,42.480,10.620,67108864.000,67108864.000,0.000,0.000,true
reduction,all_gpu_version,h2d,fp32,4,67108864,0,0,0,10,10.571129,10.550940,10.573901,0.007,268435456,25.393,0.000,0.000,0.000,0.000,0.000,true
reduction,cuda_atomic_add,cuda_kernel,fp32,4,67108864,64,1048576,1,3,161.771489,161.769852,161.773987,0.002,268435460,1.659,0.415,16777216.000,67108864.000,50331648.000,0.750,false
reduction,cuda_atomic_add,d2h,fp32,4,67108864,64,1048576,1,10,0.007764,0.007415,0.009283,0.001,4,0.001,0.000,0.000,0.000,0.000,0.000,true
reduction,cuda_block_shared_mem,cuda_kernel,fp32,4,67108864,64,1048576,1048576,100,0.848716,0.848320,0.857600,0.001,272629760,321.226,79.071,67108864.000,67108864.000,0.000,0.000,true
reduction,cuda_block_shared_mem,d2h,fp32,4,67108864,64,1048576,1048576,10,0.168080,0.166494,0.177322,0.003,4194304,24.954,0.000,0.000,0.000,0.000,0.000,true
reduction,cuda_block_shared_mem,cpu_finalize,fp32,4,67108864,64,1048576,1048576,50,1.757176,1.752052,1.876125,0.018,4194308,2.387,0.597,67108864.000,67108864.000,0.000,0.000,true
reduction,cuda_grid_stride_block_shared,cuda_kernel,fp32,4,67108864,64,432,432,100,1.237932,1.233312,1.253600,0.003,268437184,216.843,54.210,67108864.000,67108864.000,0.000,0.000,true
reduction,cuda_grid_stride_block_shared,d2h,fp32,4,67108864,64,432,432,10,0.007494,0.007003,0.007830,0.000,1728,0.231,0.000,0.000,0.000,0.000,0.000,true
reduction,cuda_grid_stride_block_shared,cpu_finalize,fp32,4,67108864,64,432,432,50,0.000747,0.000746,0.000775,0.000,1732,2.319,0.577,67108864.000,67108864.000,0.000,0.000,true
reduction,cuda_grid_stride_two_pass,cuda_kernel,fp32,4,67108864,64,432,432,100,1.241263,1.237056,1.249184,0.002,268437184,216.261,54.065,67108864.000,67108864.000,0.000,0.000,true
reduction,cuda_grid_stride_two_pass,d2h,fp32,4,67108864,64,432,1,10,0.007365,0.006903,0.008286,0.000,4,0.001,0.000,0.000,0.000,0.000,0.000,true
reduction,cuda_multi_pass,cuda_kernel,fp32,4,67108864,64,432,432,100,1.244341,1.239680,1.252448,0.003,268437184,215.726,53.931,67108864.000,67108864.000,0.000,0.000,true
reduction,cuda_multi_pass,d2h,fp32,4,67108864,64,432,1,10,0.007287,0.006876,0.007728,0.000,4,0.001,0.000,0.000,0.000,0.000,0.000,true
reduction,cuda_atomic_add,cuda_kernel,fp32,4,67108864,128,524288,1,3,161.801910,161.792999,161.806625,0.006,268435460,1.659,0.415,16777216.000,67108864.000,50331648.000,0.750,false
reduction,cuda_atomic_add,d2h,fp32,4,67108864,128,524288,1,10,0.007422,0.006980,0.009200,0.001,4,0.001,0.000,0.000,0.000,0.000,0.000,true
reduction,cuda_block_shared_mem,cuda_kernel,fp32,4,67108864,128,524288,524288,100,0.534937,0.534368,0.546368,0.001,270532608,505.728,125.452,67108864.000,67108864.000,0.000,0.000,true
reduction,cuda_block_shared_mem,d2h,fp32,4,67108864,128,524288,524288,10,0.087856,0.086488,0.097070,0.003,2097152,23.870,0.000,0.000,0.000,0.000,0.000,true
reduction,cuda_block_shared_mem,cpu_finalize,fp32,4,67108864,128,524288,524288,50,0.877072,0.876054,0.882930,0.002,2097156,2.391,0.598,67108864.000,67108864.000,0.000,0.000,true
reduction,cuda_grid_stride_block_shared,cuda_kernel,fp32,4,67108864,128,432,432,100,0.660377,0.656832,0.674368,0.002,268437184,406.491,101.622,67108864.000,67108864.000,0.000,0.000,true
reduction,cuda_grid_stride_block_shared,d2h,fp32,4,67108864,128,432,432,10,0.007534,0.007216,0.008135,0.000,1728,0.229,0.000,0.000,0.000,0.000,0.000,true
reduction,cuda_grid_stride_block_shared,cpu_finalize,fp32,4,67108864,128,432,432,50,0.000747,0.000745,0.000774,0.000,1732,2.319,0.577,67108864.000,67108864.000,0.000,0.000,true
reduction,cuda_grid_stride_two_pass,cuda_kernel,fp32,4,67108864,128,432,432,100,0.664079,0.659648,0.672192,0.002,268437184,404.225,101.056,67108864.000,67108864.000,0.000,0.000,true
reduction,cuda_grid_stride_two_pass,d2h,fp32,4,67108864,128,432,1,10,0.007343,0.006891,0.008069,0.000,4,0.001,0.000,0.000,0.000,0.000,0.000,true
reduction,cuda_multi_pass,cuda_kernel,fp32,4,67108864,128,432,432,100,0.667554,0.664576,0.677760,0.002,268437184,402.121,100.530,67108864.000,67108864.000,0.000,0.000,true
reduction,cuda_multi_pass,d2h,fp32,4,67108864,128,432,1,10,0.008028,0.007267,0.013172,0.002,4,0.000,0.000,0.000,0.000,0.000,0.000,true
reduction,cuda_atomic_add,cuda_kernel,fp32,4,67108864,256,262144,1,3,161.789678,161.781830,161.795456,0.006,268435460,1.659,0.415,16777216.000,67108864.000,50331648.000,0.750,false
reduction,cuda_atomic_add,d2h,fp32,4,67108864,256,262144,1,10,0.007356,0.006746,0.008875,0.001,4,0.001,0.000,0.000,0.000,0.000,0.000,true
reduction,cuda_block_shared_mem,cuda_kernel,fp32,4,67108864,256,262144,262144,100,0.546455,0.545888,0.555168,0.001,269484032,493.150,122.808,67108864.000,67108864.000,0.000,0.000,true
reduction,cuda_block_shared_mem,d2h,fp32,4,67108864,256,262144,262144,10,0.047873,0.046717,0.054871,0.002,1048576,21.903,0.000,0.000,0.000,0.000,0.000,true
reduction,cuda_block_shared_mem,cpu_finalize,fp32,4,67108864,256,262144,262144,50,0.438598,0.438014,0.443247,0.001,1048580,2.391,0.598,67108864.000,67108864.000,0.000,0.000,true
reduction,cuda_grid_stride_block_shared,cuda_kernel,fp32,4,67108864,256,432,432,100,0.373026,0.369952,0.383776,0.002,268437184,719.621,179.904,67108864.000,67108864.000,0.000,0.000,true
reduction,cuda_grid_stride_block_shared,d2h,fp32,4,67108864,256,432,432,10,0.007408,0.006986,0.007877,0.000,1728,0.233,0.000,0.000,0.000,0.000,0.000,true
reduction,cuda_grid_stride_block_shared,cpu_finalize,fp32,4,67108864,256,432,432,50,0.000813,0.000745,0.004073,0.000,1732,2.130,0.530,67108864.000,67108864.000,0.000,0.000,true
reduction,cuda_grid_stride_two_pass,cuda_kernel,fp32,4,67108864,256,432,432,100,0.377371,0.374336,0.389504,0.002,268437184,711.335,177.833,67108864.000,67108864.000,0.000,0.000,true
reduction,cuda_grid_stride_two_pass,d2h,fp32,4,67108864,256,432,1,10,0.007407,0.006920,0.007769,0.000,4,0.001,0.000,0.000,0.000,0.000,0.000,true
reduction,cuda_multi_pass,cuda_kernel,fp32,4,67108864,256,432,432,100,0.379388,0.375776,0.384576,0.002,268437184,707.554,176.887,67108864.000,67108864.000,0.000,0.000,true
reduction,cuda_multi_pass,d2h,fp32,4,67108864,256,432,1,10,0.007391,0.007055,0.007759,0.000,4,0.001,0.000,0.000,0.000,0.000,0.000,true
reduction,cuda_atomic_add,cuda_kernel,fp32,4,67108864,512,131072,1,3,161.762207,161.756104,161.765564,0.004,268435460,1.659,0.415,16777216.000,67108864.000,50331648.000,0.750,false
reduction,cuda_atomic_add,d2h,fp32,4,67108864,512,131072,1,10,0.007800,0.007434,0.009691,0.001,4,0.001,0.000,0.000,0.000,0.000,0.000,true
reduction,cuda_block_shared_mem,cuda_kernel,fp32,4,67108864,512,131072,131072,100,0.637273,0.636832,0.641120,0.000,268959744,422.048,105.306,67108864.000,67108864.000,0.000,0.000,true
reduction,cuda_block_shared_mem,d2h,fp32,4,67108864,512,131072,131072,10,0.028788,0.027327,0.033016,0.002,524288,18.212,0.000,0.000,0.000,0.000,0.000,true
reduction,cuda_block_shared_mem,cpu_finalize,fp32,4,67108864,512,131072,131072,50,0.219232,0.219057,0.223099,0.001,524292,2.391,0.598,67108864.000,67108864.000,0.000,0.000,true
reduction,cuda_grid_stride_block_shared,cuda_kernel,fp32,4,67108864,512,432,432,100,0.249914,0.247552,0.257952,0.002,268437184,1074.119,268.528,67108864.000,67108864.000,0.000,0.000,true
reduction,cuda_grid_stride_block_shared,d2h,fp32,4,67108864,512,432,432,10,0.007387,0.006944,0.007715,0.000,1728,0.234,0.000,0.000,0.000,0.000,0.000,true
reduction,cuda_grid_stride_block_shared,cpu_finalize,fp32,4,67108864,512,432,432,50,0.000747,0.000746,0.000774,0.000,1732,2.319,0.577,67108864.000,67108864.000,0.000,0.000,true
reduction,cuda_grid_stride_two_pass,cuda_kernel,fp32,4,67108864,512,432,432,100,0.253677,0.249696,0.258016,0.001,268437184,1058.184,264.544,67108864.000,67108864.000,0.000,0.000,true
reduction,cuda_grid_stride_two_pass,d2h,fp32,4,67108864,512,432,1,10,0.007469,0.007034,0.007817,0.000,4,0.001,0.000,0.000,0.000,0.000,0.000,true
reduction,cuda_multi_pass,cuda_kernel,fp32,4,67108864,512,432,432,100,0.257204,0.254336,0.270336,0.002,268437184,1043.675,260.917,67108864.000,67108864.000,0.000,0.000,true
reduction,cuda_multi_pass,d2h,fp32,4,67108864,512,432,1,10,0.007385,0.007036,0.007788,0.000,4,0.001,0.000,0.000,0.000,0.000,0.000,true
reduction,cuda_atomic_add,cuda_kernel,fp32,4,67108864,1024,65536,1,3,161.790248,161.785690,161.793945,0.003,268435460,1.659,0.415,16777216.000,67108864.000,50331648.000,0.750,false
reduction,cuda_atomic_add,d2h,fp32,4,67108864,1024,65536,1,10,0.007915,0.007676,0.009395,0.000,4,0.001,0.000,0.000,0.000,0.000,0.000,true
reduction,cuda_block_shared_mem,cuda_kernel,fp32,4,67108864,1024,65536,65536,100,0.806105,0.805824,0.811104,0.001,268697600,333.328,83.251,67108864.000,67108864.000,0.000,0.000,true
reduction,cuda_block_shared_mem,d2h,fp32,4,67108864,1024,65536,65536,10,0.017543,0.017179,0.019687,0.001,262144,14.943,0.000,0.000,0.000,0.000,0.000,true
reduction,cuda_block_shared_mem,cpu_finalize,fp32,4,67108864,1024,65536,65536,50,0.109733,0.109524,0.114192,0.001,262148,2.389,0.597,67108864.000,67108864.000,0.000,0.000,true
reduction,cuda_grid_stride_block_shared,cuda_kernel,fp32,4,67108864,1024,432,432,100,0.247271,0.244960,0.256480,0.001,268437184,1085.600,271.398,67108864.000,67108864.000,0.000,0.000,true
reduction,cuda_grid_stride_block_shared,d2h,fp32,4,67108864,1024,432,432,10,0.007422,0.006953,0.007997,0.000,1728,0.233,0.000,0.000,0.000,0.000,0.000,true
reduction,cuda_grid_stride_block_shared,cpu_finalize,fp32,4,67108864,1024,432,432,50,0.000747,0.000746,0.000777,0.000,1732,2.317,0.577,67108864.000,67108864.000,0.000,0.000,true
reduction,cuda_grid_stride_two_pass,cuda_kernel,fp32,4,67108864,1024,432,432,100,0.251836,0.249280,0.259776,0.001,268437184,1065.923,266.479,67108864.000,67108864.000,0.000,0.000,true
reduction,cuda_grid_stride_two_pass,d2h,fp32,4,67108864,1024,432,1,10,0.007207,0.006868,0.007737,0.000,4,0.001,0.000,0.000,0.000,0.000,0.000,true
reduction,cuda_multi_pass,cuda_kernel,fp32,4,67108864,1024,432,432,100,0.254291,0.251680,0.259584,0.001,268437184,1055.629,263.906,67108864.000,67108864.000,0.000,0.000,true
reduction,cuda_multi_pass,d2h,fp32,4,67108864,1024,432,1,10,0.007453,0.007069,0.007688,0.000,4,0.001,0.000,0.000,0.000,0.000,0.000,true
reduction,cpu_serial,cpu,fp32,4,134217728,0,0,0,10,226.115105,225.930458,227.242753,0.379,536870912,2.374,0.594,16777216.000,134217728.000,0.000,0.000,true
reduction,cpu_omp,cpu,fp32,4,134217728,0,0,0,10,12.686034,12.577739,12.780693,0.062,536870912,42.320,10.580,134217728.000,134217728.000,0.000,0.000,true
reduction,all_gpu_version,h2d,fp32,4,134217728,0,0,0,10,21.157093,21.111298,21.163574,0.015,536870912,25.375,0.000,0.000,0.000,0.000,0.000,true
reduction,cuda_atomic_add,cuda_kernel,fp32,4,134217728,64,2097152,1,3,323.535583,323.532349,323.538727,0.003,536870916,1.659,0.415,16777216.000,134217728.000,117440512.000,0.875,false
reduction,cuda_atomic_add,d2h,fp32,4,134217728,64,2097152,1,10,0.007777,0.007457,0.009184,0.000,4,0.001,0.000,0.000,0.000,0.000,0.000,true
reduction,cuda_block_shared_mem,cuda_kernel,fp32,4,134217728,64,2097152,2097152,100,1.690893,1.690560,1.699072,0.001,545259520,322.468,79.377,134217728.000,134217728.000,0.000,0.000,true
reduction,cuda_block_shared_mem,d2h,fp32,4,134217728,64,2097152,2097152,10,0.327726,0.326258,0.338669,0.004,8388608,25.596,0.000,0.000,0.000,0.000,0.000,true
reduction,cuda_block_shared_mem,cpu_finalize,fp32,4,134217728,64,2097152,2097152,50,3.509475,3.504518,3.518478,0.003,8388612,2.390,0.598,134217728.000,134217728.000,0.000,0.000,true
reduction,cuda_grid_stride_block_shared,cuda_kernel,fp32,4,134217728,64,432,432,100,2.471988,2.459872,2.496992,0.005,536872640,217.183,54.295,134217728.000,134217728.000,0.000,0.000,true
reduction,cuda_grid_stride_block_shared,d2h,fp32,4,134217728,64,432,432,10,0.007519,0.007221,0.008205,0.000,1728,0.230,0.000,0.000,0.000,0.000,0.000,true
reduction,cuda_grid_stride_block_shared,cpu_finalize,fp32,4,134217728,64,432,432,50,0.000747,0.000745,0.000767,0.000,1732,2.320,0.577,134217728.000,134217728.000,0.000,0.000,true
reduction,cuda_grid_stride_two_pass,cuda_kernel,fp32,4,134217728,64,432,432,100,2.474439,2.463904,2.487072,0.005,536872640,216.967,54.242,134217728.000,134217728.000,0.000,0.000,true
reduction,cuda_grid_stride_two_pass,d2h,fp32,4,134217728,64,432,1,10,0.007295,0.006845,0.007796,0.000,4,0.001,0.000,0.000,0.000,0.000,0.000,true
reduction,cuda_multi_pass,cuda_kernel,fp32,4,134217728,64,432,432,100,2.475978,2.463264,2.490816,0.005,536872640,216.833,54.208,134217728.000,134217728.000,0.000,0.000,true
reduction,cuda_multi_pass,d2h,fp32,4,134217728,64,432,1,10,0.007443,0.006922,0.007769,0.000,4,0.001,0.000,0.000,0.000,0.000,0.000,true
reduction,cuda_atomic_add,cuda_kernel,fp32,4,134217728,128,1048576,1,3,323.539653,323.526947,323.560822,0.015,536870916,1.659,0.415,16777216.000,134217728.000,117440512.000,0.875,false
reduction,cuda_atomic_add,d2h,fp32,4,134217728,128,1048576,1,10,0.007878,0.007468,0.009898,0.001,4,0.001,0.000,0.000,0.000,0.000,0.000,true
reduction,cuda_block_shared_mem,cuda_kernel,fp32,4,134217728,128,1048576,1048576,100,1.062609,1.061920,1.073984,0.001,541065216,509.186,126.310,134217728.000,134217728.000,0.000,0.000,true
reduction,cuda_block_shared_mem,d2h,fp32,4,134217728,128,1048576,1048576,10,0.168215,0.166525,0.177685,0.003,4194304,24.934,0.000,0.000,0.000,0.000,0.000,true
reduction,cuda_block_shared_mem,cpu_finalize,fp32,4,134217728,128,1048576,1048576,50,1.755073,1.752491,1.782006,0.005,4194308,2.390,0.597,134217728.000,134217728.000,0.000,0.000,true
reduction,cuda_grid_stride_block_shared,cuda_kernel,fp32,4,134217728,128,432,432,100,1.316161,1.311744,1.328832,0.002,536872640,407.908,101.977,134217728.000,134217728.000,0.000,0.000,true
reduction,cuda_grid_stride_block_shared,d2h,fp32,4,134217728,128,432,432,10,0.007518,0.006986,0.008078,0.000,1728,0.230,0.000,0.000,0.000,0.000,0.000,true
reduction,cuda_grid_stride_block_shared,cpu_finalize,fp32,4,134217728,128,432,432,50,0.000747,0.000746,0.000771,0.000,1732,2.318,0.577,134217728.000,134217728.000,0.000,0.000,true
reduction,cuda_grid_stride_two_pass,cuda_kernel,fp32,4,134217728,128,432,432,100,1.320288,1.315872,1.326656,0.002,536872640,406.633,101.658,134217728.000,134217728.000,0.000,0.000,true
reduction,cuda_grid_stride_two_pass,d2h,fp32,4,134217728,128,432,1,10,0.007434,0.007111,0.008014,0.000,4,0.001,0.000,0.000,0.000,0.000,0.000,true
reduction,cuda_multi_pass,cuda_kernel,fp32,4,134217728,128,432,432,100,1.324146,1.318304,1.337376,0.003,536872640,405.448,101.362,134217728.000,134217728.000,0.000,0.000,true
reduction,cuda_multi_pass,d2h,fp32,4,134217728,128,432,1,10,0.007612,0.007069,0.009054,0.001,4,0.001,0.000,0.000,0.000,0.000,0.000,true
reduction,cuda_atomic_add,cuda_kernel,fp32,4,134217728,256,524288,1,3,323.602000,323.589569,323.608246,0.009,536870916,1.659,0.415,16777216.000,134217728.000,117440512.000,0.875,false
reduction,cuda_atomic_add,d2h,fp32,4,134217728,256,524288,1,10,0.007857,0.007489,0.009326,0.001,4,0.001,0.000,0.000,0.000,0.000,0.000,true
reduction,cuda_block_shared_mem,cuda_kernel,fp32,4,134217728,256,524288,524288,100,1.085713,1.085120,1.098816,0.001,538968064,496.419,123.622,134217728.000,134217728.000,0.000,0.000,true
reduction,cuda_block_shared_mem,d2h,fp32,4,134217728,256,524288,524288,10,0.087847,0.086437,0.097320,0.003,2097152,23.873,0.000,0.000,0.000,0.000,0.000,true
reduction,cuda_block_shared_mem,cpu_finalize,fp32,4,134217728,256,524288,524288,50,0.877203,0.876027,0.887300,0.002,2097156,2.391,0.598,134217728.000,134217728.000,0.000,0.000,true
reduction,cuda_grid_stride_block_shared,cuda_kernel,fp32,4,134217728,256,432,432,100,0.741953,0.737152,0.756288,0.003,536872640,723.594,180.898,134217728.000,134217728.000,0.000,0.000,true
reduction,cuda_grid_stride_block_shared,d2h,fp32,4,134217728,256,432,432,10,0.007484,0.006950,0.007846,0.000,1728,0.231,0.000,0.000,0.000,0.000,0.000,true
reduction,cuda_grid_stride_block_shared,cpu_finalize,fp32,4,134217728,256,432,432,50,0.000747,0.000745,0.000765,0.000,1732,2.319,0.577,134217728.000,134217728.000,0.000,0.000,true
reduction,cuda_grid_stride_two_pass,cuda_kernel,fp32,4,134217728,256,432,432,100,0.745297,0.740704,0.752416,0.002,536872640,720.347,180.086,134217728.000,134217728.000,0.000,0.000,true
reduction,cuda_grid_stride_two_pass,d2h,fp32,4,134217728,256,432,1,10,0.007351,0.007013,0.008011,0.000,4,0.001,0.000,0.000,0.000,0.000,0.000,true
reduction,cuda_multi_pass,cuda_kernel,fp32,4,134217728,256,432,432,100,0.748769,0.744480,0.755488,0.002,536872640,717.007,179.251,134217728.000,134217728.000,0.000,0.000,true
reduction,cuda_multi_pass,d2h,fp32,4,134217728,256,432,1,10,0.007366,0.007010,0.007649,0.000,4,0.001,0.000,0.000,0.000,0.000,0.000,true
reduction,cuda_atomic_add,cuda_kernel,fp32,4,134217728,512,262144,1,3,323.604014,323.598328,323.607086,0.004,536870916,1.659,0.415,16777216.000,134217728.000,117440512.000,0.875,false
reduction,cuda_atomic_add,d2h,fp32,4,134217728,512,262144,1,10,0.007826,0.007435,0.009714,0.001,4,0.001,0.000,0.000,0.000,0.000,0.000,true
reduction,cuda_block_shared_mem,cuda_kernel,fp32,4,134217728,512,262144,262144,100,1.267671,1.267040,1.274080,0.001,537919488,424.337,105.877,134217728.000,134217728.000,0.000,0.000,true
reduction,cuda_block_shared_mem,d2h,fp32,4,134217728,512,262144,262144,10,0.047665,0.046679,0.054142,0.002,1048576,21.999,0.000,0.000,0.000,0.000,0.000,true
reduction,cuda_block_shared_mem,cpu_finalize,fp32,4,134217728,512,262144,262144,50,0.439217,0.438028,0.468333,0.005,1048580,2.387,0.597,134217728.000,134217728.000,0.000,0.000,true
reduction,cuda_grid_stride_block_shared,cuda_kernel,fp32,4,134217728,512,432,432,100,0.497082,0.492032,0.512864,0.002,536872640,1080.049,270.011,134217728.000,134217728.000,0.000,0.000,true
reduction,cuda_grid_stride_block_shared,d2h,fp32,4,134217728,512,432,432,10,0.007693,0.007009,0.010709,0.001,1728,0.225,0.000,0.000,0.000,0.000,0.000,true
reduction,cuda_grid_stride_block_shared,cpu_finalize,fp32,4,134217728,512,432,432,50,0.000747,0.000745,0.000772,0.000,1732,2.319,0.577,134217728.000,134217728.000,0.000,0.000,true
reduction,cuda_grid_stride_two_pass,cuda_kernel,fp32,4,134217728,512,432,432,100,0.501251,0.496864,0.513664,0.002,536872640,1071.066,267.766,134217728.000,134217728.000,0.000,0.000,true
reduction,cuda_grid_stride_two_pass,d2h,fp32,4,134217728,512,432,1,10,0.007357,0.006848,0.008436,0.000,4,0.001,0.000,0.000,0.000,0.000,0.000,true
reduction,cuda_multi_pass,cuda_kernel,fp32,4,134217728,512,432,432,100,0.504012,0.499872,0.514304,0.002,536872640,1065.199,266.299,134217728.000,134217728.000,0.000,0.000,true
reduction,cuda_multi_pass,d2h,fp32,4,134217728,512,432,1,10,0.007337,0.007040,0.007678,0.000,4,0.001,0.000,0.000,0.000,0.000,0.000,true
reduction,cuda_atomic_add,cuda_kernel,fp32,4,134217728,1024,131072,1,3,323.518595,323.511475,323.522217,0.005,536870916,1.659,0.415,16777216.000,134217728.000,117440512.000,0.875,false
reduction,cuda_atomic_add,d2h,fp32,4,134217728,1024,131072,1,10,0.007777,0.007472,0.009524,0.001,4,0.001,0.000,0.000,0.000,0.000,0.000,true
reduction,cuda_block_shared_mem,cuda_kernel,fp32,4,134217728,1024,131072,131072,100,1.604854,1.604288,1.613600,0.001,537395200,334.856,83.632,134217728.000,134217728.000,0.000,0.000,true
reduction,cuda_block_shared_mem,d2h,fp32,4,134217728,1024,131072,131072,10,0.027717,0.026779,0.032332,0.002,524288,18.916,0.000,0.000,0.000,0.000,0.000,true
reduction,cuda_block_shared_mem,cpu_finalize,fp32,4,134217728,1024,131072,131072,50,0.219257,0.219022,0.223565,0.001,524292,2.391,0.598,134217728.000,134217728.000,0.000,0.000,true
reduction,cuda_grid_stride_block_shared,cuda_kernel,fp32,4,134217728,1024,432,432,100,0.493538,0.489184,0.500448,0.002,536872640,1087.804,271.950,134217728.000,134217728.000,0.000,0.000,true
reduction,cuda_grid_stride_block_shared,d2h,fp32,4,134217728,1024,432,432,10,0.007599,0.007214,0.007814,0.000,1728,0.227,0.000,0.000,0.000,0.000,0.000,true
reduction,cuda_grid_stride_block_shared,cpu_finalize,fp32,4,134217728,1024,432,432,50,0.000747,0.000746,0.000766,0.000,1732,2.319,0.577,134217728.000,134217728.000,0.000,0.000,true
reduction,cuda_grid_stride_two_pass,cuda_kernel,fp32,4,134217728,1024,432,432,100,0.497946,0.493440,0.504000,0.002,536872640,1078.175,269.543,134217728.000,134217728.000,0.000,0.000,true
reduction,cuda_grid_stride_two_pass,d2h,fp32,4,134217728,1024,432,1,10,0.007431,0.007110,0.007579,0.000,4,0.001,0.000,0.000,0.000,0.000,0.000,true
reduction,cuda_multi_pass,cuda_kernel,fp32,4,134217728,1024,432,432,100,0.500394,0.495104,0.508416,0.002,536872640,1072.900,268.224,134217728.000,134217728.000,0.000,0.000,true
reduction,cuda_multi_pass,d2h,fp32,4,134217728,1024,432,1,10,0.007809,0.007043,0.011088,0.001,4,0.001,0.000,0.000,0.000,0.000,0.000,true
reduction,cpu_serial,cpu,fp32,4,268435456,0,0,0,10,451.881433,451.568270,453.890132,0.671,1073741824,2.376,0.594,16777216.000,268435456.000,0.000,0.000,true
reduction,cpu_omp,cpu,fp32,4,268435456,0,0,0,10,25.245169,25.161120,25.490502,0.106,1073741824,42.533,10.633,268435456.000,268435456.000,0.000,0.000,true
reduction,all_gpu_version,h2d,fp32,4,268435456,0,0,0,10,42.369346,42.313342,42.404187,0.021,1073741824,25.342,0.000,0.000,0.000,0.000,0.000,true
reduction,cuda_atomic_add,cuda_kernel,fp32,4,268435456,64,4194304,1,3,647.162557,647.157043,647.167175,0.004,1073741828,1.659,0.415,16777216.000,268435456.000,251658240.000,0.938,false
reduction,cuda_atomic_add,d2h,fp32,4,268435456,64,4194304,1,10,0.007830,0.007483,0.009458,0.001,4,0.001,0.000,0.000,0.000,0.000,0.000,true
reduction,cuda_block_shared_mem,cuda_kernel,fp32,4,268435456,64,4194304,4194304,100,3.375381,3.375040,3.382208,0.001,1090519040,323.080,79.527,268435456.000,268435456.000,0.000,0.000,true
reduction,cuda_block_shared_mem,d2h,fp32,4,268435456,64,4194304,4194304,10,0.646968,0.645445,0.657318,0.003,16777216,25.932,0.000,0.000,0.000,0.000,0.000,true
reduction,cuda_block_shared_mem,cpu_finalize,fp32,4,268435456,64,4194304,4194304,50,7.018636,7.012295,7.041317,0.006,16777220,2.390,0.598,268435456.000,268435456.000,0.000,0.000,true
reduction,cuda_grid_stride_block_shared,cuda_kernel,fp32,4,268435456,64,432,432,100,4.941668,4.929760,4.973760,0.007,1073743552,217.284,54.321,268435456.000,268435456.000,0.000,0.000,true
reduction,cuda_grid_stride_block_shared,d2h,fp32,4,268435456,64,432,432,10,0.007387,0.006966,0.007942,0.000,1728,0.234,0.000,0.000,0.000,0.000,0.000,true
reduction,cuda_grid_stride_block_shared,cpu_finalize,fp32,4,268435456,64,432,432,50,0.000747,0.000745,0.000771,0.000,1732,2.318,0.577,268435456.000,268435456.000,0.000,0.000,true
reduction,cuda_grid_stride_two_pass,cuda_kernel,fp32,4,268435456,64,432,432,100,4.945871,4.932096,4.959872,0.006,1073743552,217.099,54.275,268435456.000,268435456.000,0.000,0.000,true
reduction,cuda_grid_stride_two_pass,d2h,fp32,4,268435456,64,432,1,10,0.007520,0.007251,0.007891,0.000,4,0.001,0.000,0.000,0.000,0.000,0.000,true
reduction,cuda_multi_pass,cuda_kernel,fp32,4,268435456,64,432,432,100,4.949677,4.932384,4.965824,0.007,1073743552,216.932,54.233,268435456.000,268435456.000,0.000,0.000,true
reduction,cuda_multi_pass,d2h,fp32,4,268435456,64,432,1,10,0.007292,0.006862,0.007854,0.000,4,0.001,0.000,0.000,0.000,0.000,0.000,true
reduction,cuda_atomic_add,cuda_kernel,fp32,4,268435456,128,2097152,1,3,647.228068,647.210876,647.242737,0.013,1073741828,1.659,0.415,16777216.000,268435456.000,251658240.000,0.938,false
reduction,cuda_atomic_add,d2h,fp32,4,268435456,128,2097152,1,10,0.007954,0.007525,0.009689,0.001,4,0.001,0.000,0.000,0.000,0.000,0.000,true
reduction,cuda_block_shared_mem,cuda_kernel,fp32,4,268435456,128,2097152,2097152,100,2.116312,2.095488,2.136672,0.006,1082130432,511.328,126.841,268435456.000,268435456.000,0.000,0.000,true
reduction,cuda_block_shared_mem,d2h,fp32,4,268435456,128,2097152,2097152,10,0.327234,0.325564,0.337516,0.003,8388608,25.635,0.000,0.000,0.000,0.000,0.000,true
reduction,cuda_block_shared_mem,cpu_finalize,fp32,4,268435456,128,2097152,2097152,50,3.510115,3.505071,3.534635,0.004,8388612,2.390,0.597,268435456.000,268435456.000,0.000,0.000,true
reduction,cuda_grid_stride_block_shared,cuda_kernel,fp32,4,268435456,128,432,432,100,2.629686,2.623264,2.648608,0.003,1073743552,408.316,102.079,268435456.000,268435456.000,0.000,0.000,true
reduction,cuda_grid_stride_block_shared,d2h,fp32,4,268435456,128,432,432,10,0.007906,0.007295,0.011234,0.001,1728,0.219,0.000,0.000,0.000,0.000,0.000,true
reduction,cuda_grid_stride_block_shared,cpu_finalize,fp32,4,268435456,128,432,432,50,0.000747,0.000745,0.000772,0.000,1732,2.317,0.577,268435456.000,268435456.000,0.000,0.000,true
reduction,cuda_grid_stride_two_pass,cuda_kernel,fp32,4,268435456,128,432,432,100,2.633783,2.627904,2.641728,0.003,1073743552,407.681,101.920,268435456.000,268435456.000,0.000,0.000,true
reduction,cuda_grid_stride_two_pass,d2h,fp32,4,268435456,128,432,1,10,0.007240,0.006884,0.008037,0.000,4,0.001,0.000,0.000,0.000,0.000,0.000,true
reduction,cuda_multi_pass,cuda_kernel,fp32,4,268435456,128,432,432,100,2.637862,2.630880,2.654400,0.004,1073743552,407.051,101.763,268435456.000,268435456.000,0.000,0.000,true
reduction,cuda_multi_pass,d2h,fp32,4,268435456,128,432,1,10,0.007415,0.007078,0.008068,0.000,4,0.001,0.000,0.000,0.000,0.000,0.000,true
reduction,cuda_atomic_add,cuda_kernel,fp32,4,268435456,256,1048576,1,3,647.173604,647.170410,647.177490,0.003,1073741828,1.659,0.415,16777216.000,268435456.000,251658240.000,0.938,false
reduction,cuda_atomic_add,d2h,fp32,4,268435456,256,1048576,1,10,0.007970,0.007502,0.009754,0.001,4,0.001,0.000,0.000,0.000,0.000,0.000,true
reduction,cuda_block_shared_mem,cuda_kernel,fp32,4,268435456,256,1048576,1048576,100,2.164413,2.163552,2.179648,0.002,1077936128,498.027,124.022,268435456.000,268435456.000,0.000,0.000,true
reduction,cuda_block_shared_mem,d2h,fp32,4,268435456,256,1048576,1048576,10,0.168250,0.166869,0.177713,0.003,4194304,24.929,0.000,0.000,0.000,0.000,0.000,true
reduction,cuda_block_shared_mem,cpu_finalize,fp32,4,268435456,256,1048576,1048576,50,1.754621,1.752063,1.784457,0.005,4194308,2.390,0.598,268435456.000,268435456.000,0.000,0.000,true
reduction,cuda_grid_stride_block_shared,cuda_kernel,fp32,4,268435456,256,432,432,100,1.481444,1.472960,1.494656,0.003,1073743552,724.795,181.198,268435456.000,268435456.000,0.000,0.000,true
reduction,cuda_grid_stride_block_shared,d2h,fp32,4,268435456,256,432,432,10,0.007493,0.007033,0.007855,0.000,1728,0.231,0.000,0.000,0.000,0.000,0.000,true
reduction,cuda_grid_stride_block_shared,cpu_finalize,fp32,4,268435456,256,432,432,50,0.000747,0.000745,0.000772,0.000,1732,2.318,0.577,268435456.000,268435456.000,0.000,0.000,true
reduction,cuda_grid_stride_two_pass,cuda_kernel,fp32,4,268435456,256,432,432,100,1.485876,1.480320,1.494880,0.003,1073743552,722.633,180.658,268435456.000,268435456.000,0.000,0.000,true
reduction,cuda_grid_stride_two_pass,d2h,fp32,4,268435456,256,432,1,10,0.007443,0.007215,0.008109,0.000,4,0.001,0.000,0.000,0.000,0.000,0.000,true
reduction,cuda_multi_pass,cuda_kernel,fp32,4,268435456,256,432,432,100,1.488561,1.481856,1.498752,0.003,1073743552,721.330,180.332,268435456.000,268435456.000,0.000,0.000,true
reduction,cuda_multi_pass,d2h,fp32,4,268435456,256,432,1,10,0.007519,0.006873,0.010217,0.001,4,0.001,0.000,0.000,0.000,0.000,0.000,true
reduction,cuda_atomic_add,cuda_kernel,fp32,4,268435456,512,524288,1,3,647.185608,647.165955,647.207031,0.017,1073741828,1.659,0.415,16777216.000,268435456.000,251658240.000,0.938,false
reduction,cuda_atomic_add,d2h,fp32,4,268435456,512,524288,1,10,0.008065,0.007510,0.009698,0.001,4,0.000,0.000,0.000,0.000,0.000,0.000,true
reduction,cuda_block_shared_mem,cuda_kernel,fp32,4,268435456,512,524288,524288,100,2.528398,2.527776,2.538752,0.001,1075838976,425.502,106.168,268435456.000,268435456.000,0.000,0.000,true
reduction,cuda_block_shared_mem,d2h,fp32,4,268435456,512,524288,524288,10,0.088010,0.086601,0.097322,0.003,2097152,23.829,0.000,0.000,0.000,0.000,0.000,true
reduction,cuda_block_shared_mem,cpu_finalize,fp32,4,268435456,512,524288,524288,50,0.876978,0.876104,0.880913,0.002,2097156,2.391,0.598,268435456.000,268435456.000,0.000,0.000,true
reduction,cuda_grid_stride_block_shared,cuda_kernel,fp32,4,268435456,512,432,432,100,0.992399,0.985024,1.001760,0.003,1073743552,1081.968,270.492,268435456.000,268435456.000,0.000,0.000,true
reduction,cuda_grid_stride_block_shared,d2h,fp32,4,268435456,512,432,432,10,0.007397,0.006941,0.007843,0.000,1728,0.234,0.000,0.000,0.000,0.000,0.000,true
reduction,cuda_grid_stride_block_shared,cpu_finalize,fp32,4,268435456,512,432,432,50,0.000747,0.000745,0.000770,0.000,1732,2.319,0.577,268435456.000,268435456.000,0.000,0.000,true
reduction,cuda_grid_stride_two_pass,cuda_kernel,fp32,4,268435456,512,432,432,100,0.996596,0.991104,1.004512,0.003,1073743552,1077.411,269.352,268435456.000,268435456.000,0.000,0.000,true
reduction,cuda_grid_stride_two_pass,d2h,fp32,4,268435456,512,432,1,10,0.007309,0.006838,0.007717,0.000,4,0.001,0.000,0.000,0.000,0.000,0.000,true
reduction,cuda_multi_pass,cuda_kernel,fp32,4,268435456,512,432,432,100,0.999594,0.993568,1.006976,0.003,1073743552,1074.180,268.545,268435456.000,268435456.000,0.000,0.000,true
reduction,cuda_multi_pass,d2h,fp32,4,268435456,512,432,1,10,0.007544,0.006618,0.008700,0.001,4,0.001,0.000,0.000,0.000,0.000,0.000,true
reduction,cuda_atomic_add,cuda_kernel,fp32,4,268435456,1024,262144,1,3,647.182109,647.165833,647.191101,0.012,1073741828,1.659,0.415,16777216.000,268435456.000,251658240.000,0.938,false
reduction,cuda_atomic_add,d2h,fp32,4,268435456,1024,262144,1,10,0.007767,0.007271,0.009265,0.001,4,0.001,0.000,0.000,0.000,0.000,0.000,true
reduction,cuda_block_shared_mem,cuda_kernel,fp32,4,268435456,1024,262144,262144,100,3.202297,3.201792,3.207104,0.001,1074790400,335.631,83.826,268435456.000,268435456.000,0.000,0.000,true
reduction,cuda_block_shared_mem,d2h,fp32,4,268435456,1024,262144,262144,10,0.048537,0.046828,0.055620,0.002,1048576,21.604,0.000,0.000,0.000,0.000,0.000,true
reduction,cuda_block_shared_mem,cpu_finalize,fp32,4,268435456,1024,262144,262144,50,0.438439,0.438020,0.442796,0.001,1048580,2.392,0.598,268435456.000,268435456.000,0.000,0.000,true
reduction,cuda_grid_stride_block_shared,cuda_kernel,fp32,4,268435456,1024,432,432,100,0.984638,0.979200,0.997120,0.003,1073743552,1090.496,272.624,268435456.000,268435456.000,0.000,0.000,true
reduction,cuda_grid_stride_block_shared,d2h,fp32,4,268435456,1024,432,432,10,0.007865,0.007324,0.010148,0.001,1728,0.220,0.000,0.000,0.000,0.000,0.000,true
reduction,cuda_grid_stride_block_shared,cpu_finalize,fp32,4,268435456,1024,432,432,50,0.000747,0.000745,0.000773,0.000,1732,2.319,0.577,268435456.000,268435456.000,0.000,0.000,true
reduction,cuda_grid_stride_two_pass,cuda_kernel,fp32,4,268435456,1024,432,432,100,0.989596,0.982848,0.998336,0.003,1073743552,1085.032,271.257,268435456.000,268435456.000,0.000,0.000,true
reduction,cuda_grid_stride_two_pass,d2h,fp32,4,268435456,1024,432,1,10,0.007539,0.007131,0.008198,0.000,4,0.001,0.000,0.000,0.000,0.000,0.000,true
reduction,cuda_multi_pass,cuda_kernel,fp32,4,268435456,1024,432,432,100,0.992276,0.986816,1.007936,0.003,1073743552,1082.102,270.525,268435456.000,268435456.000,0.000,0.000,true
reduction,cuda_multi_pass,d2h,fp32,4,268435456,1024,432,1,10,0.007384,0.007108,0.008159,0.000,4,0.001,0.000,0.000,0.000,0.000,0.000,true
